node_id,x,y,z
0,0.9500000000000001,0.0,0.0
1,1.0,0.0,0.0
2,1.0,0.01,0.0
3,1.0,0.01,0.01
4,1.0,0.0,0.01
5,0.9500000000000001,0.01,0.0
6,0.9500000000000001,0.0,0.01
7,1.0,0.02,0.01
8,0.9500000000000001,0.01,0.01
9,1.0,0.01,0.02
10,1.0,0.02,0.0
11,0.9,0.0,0.0
12,1.0,0.0,0.02
13,0.9500000000000001,0.02,0.0
14,1.0,0.02,0.02
15,0.9500000000000001,0.02,0.01
16,0.9,0.01,0.0
17,0.9500000000000001,0.0,0.02
18,0.9500000000000001,0.01,0.02
19,0.9,0.0,0.01
20,1.0,0.03,0.01
21,0.9,0.01,0.01
22,1.0,0.01,0.03
23,1.0,0.03,0.0
24,1.0,0.03,0.02
25,0.9500000000000001,0.02,0.02
26,0.8500000000000001,0.0,0.0
27,1.0,0.0,0.03
28,1.0,0.02,0.03
29,0.9500000000000001,0.03,0.0
30,0.9500000000000001,0.03,0.01
31,0.9,0.02,0.0
32,0.9,0.02,0.01
33,0.8500000000000001,0.01,0.0
34,0.9500000000000001,0.0,0.03
35,0.9500000000000001,0.01,0.03
36,0.9,0.0,0.02
37,0.9,0.01,0.02
38,0.8500000000000001,0.0,0.01
39,1.0,0.04,0.01
40,1.0,0.03,0.03
41,0.9500000000000001,0.03,0.02
42,0.8500000000000001,0.01,0.01
43,1.0,0.01,0.04
44,0.9500000000000001,0.02,0.03
45,1.0,0.04,0.0
46,1.0,0.04,0.02
47,0.9,0.02,0.02
48,0.8,0.0,0.0
49,1.0,0.0,0.04
50,1.0,0.02,0.04
51,0.9500000000000001,0.04,0.0
52,0.9500000000000001,0.04,0.01
53,0.9,0.03,0.0
54,0.9,0.03,0.01
55,0.8500000000000001,0.02,0.0
56,1.0,0.04,0.03
57,0.9500000000000001,0.03,0.03
58,0.8500000000000001,0.02,0.01
59,0.8,0.01,0.0
60,0.9500000000000001,0.0,0.04
61,0.9500000000000001,0.01,0.04
62,0.9,0.0,0.03
63,0.9,0.01,0.03
64,0.8500000000000001,0.0,0.02
65,1.0,0.03,0.04
66,0.8500000000000001,0.01,0.02
67,0.8,0.0,0.01
68,1.0,0.05,0.01
69,0.9500000000000001,0.04,0.02
70,0.9,0.03,0.02
71,0.8,0.01,0.01
72,1.0,0.01,0.05
73,0.9500000000000001,0.02,0.04
74,0.9,0.02,0.03
75,1.0,0.05,0.0
76,1.0,0.05,0.02
77,1.0,0.04,0.04
78,0.9500000000000001,0.04,0.03
79,0.8500000000000001,0.02,0.02
80,0.75,0.0,0.0
81,1.0,0.0,0.05
82,1.0,0.02,0.05
83,0.9500000000000001,0.03,0.04
84,0.9500000000000001,0.05,0.0
85,0.9500000000000001,0.05,0.01
86,0.9,0.04,0.0
87,0.9,0.04,0.01
88,0.8500000000000001,0.03,0.0
89,1.0,0.05,0.03
90,0.8500000000000001,0.03,0.01
91,0.8,0.02,0.0
92,0.9,0.03,0.03
93,0.8,0.02,0.01
94,0.75,0.01,0.0
95,0.9500000000000001,0.0,0.05
96,0.9500000000000001,0.01,0.05
97,0.9,0.0,0.04
98,0.9,0.01,0.04
99,0.8500000000000001,0.0,0.03
100,1.0,0.03,0.05
101,0.8500000000000001,0.01,0.03
102,0.8,0.0,0.02
103,0.8,0.01,0.02
104,0.75,0.0,0.01
105,1.0,0.06,0.01
106,0.9500000000000001,0.05,0.02
107,0.9,0.04,0.02
108,1.0,0.05,0.04
109,0.9500000000000001,0.04,0.04
110,0.8500000000000001,0.03,0.02
111,0.75,0.01,0.01
112,1.0,0.01,0.06
113,0.9500000000000001,0.02,0.05
114,0.9,0.02,0.04
115,1.0,0.04,0.05
116,0.8500000000000001,0.02,0.03
117,1.0,0.06,0.0
118,1.0,0.06,0.02
119,0.9500000000000001,0.05,0.03
120,0.9,0.04,0.03
121,0.8,0.02,0.02
122,0.7000000000000001,0.0,0.0
123,1.0,0.0,0.06
124,1.0,0.02,0.06
125,0.9500000000000001,0.03,0.05
126,0.9,0.03,0.04
127,0.9500000000000001,0.06,0.0
128,0.9500000000000001,0.06,0.01
129,0.9,0.05,0.0
130,0.9,0.05,0.01
131,0.8500000000000001,0.04,0.0
132,1.0,0.06,0.03
133,0.8500000000000001,0.04,0.01
134,0.8,0.03,0.0
135,0.8,0.03,0.01
136,0.75,0.02,0.0
137,1.0,0.05,0.05
138,0.9500000000000001,0.05,0.04
139,0.8500000000000001,0.03,0.03
140,0.75,0.02,0.01
141,0.7000000000000001,0.01,0.0
142,0.9500000000000001,0.0,0.06
143,0.9500000000000001,0.01,0.06
144,0.9,0.0,0.05
145,0.9,0.01,0.05
146,0.8500000000000001,0.0,0.04
147,1.0,0.03,0.06
148,0.8500000000000001,0.01,0.04
149,0.8,0.0,0.03
150,0.8,0.01,0.03
151,0.75,0.0,0.02
152,0.9500000000000001,0.04,0.05
153,0.75,0.01,0.02
154,0.7000000000000001,0.0,0.01
155,1.0,0.07,0.01
156,0.9500000000000001,0.06,0.02
157,0.9,0.05,0.02
158,1.0,0.06,0.04
159,0.8500000000000001,0.04,0.02
160,0.9,0.04,0.04
161,0.8,0.03,0.02
162,0.7000000000000001,0.01,0.01
163,1.0,0.01,0.07
164,0.9500000000000001,0.02,0.06
165,0.9,0.02,0.05
166,1.0,0.04,0.06
167,0.8500000000000001,0.02,0.04
168,0.8,0.02,0.03
169,1.0,0.07,0.0
170,1.0,0.07,0.02
171,0.9500000000000001,0.06,0.03
172,0.9,0.05,0.03
173,1.0,0.06,0.05
174,0.9500000000000001,0.05,0.05
175,0.8500000000000001,0.04,0.03
176,0.75,0.02,0.02
177,0.65,0.0,0.0
178,1.0,0.0,0.07
179,1.0,0.02,0.07
180,0.9500000000000001,0.03,0.06
181,0.9,0.03,0.05
182,1.0,0.05,0.06
183,0.8500000000000001,0.03,0.04
184,0.9500000000000001,0.07,0.0
185,0.9500000000000001,0.07,0.01
186,0.9,0.06,0.0
187,0.9,0.06,0.01
188,0.8500000000000001,0.05,0.0
189,1.0,0.07,0.03
190,0.8500000000000001,0.05,0.01
191,0.8,0.04,0.0
192,0.8,0.04,0.01
193,0.75,0.03,0.0
194,0.9500000000000001,0.06,0.04
195,0.75,0.03,0.01
196,0.7000000000000001,0.02,0.0
197,0.9,0.05,0.04
198,0.8,0.03,0.03
199,0.7000000000000001,0.02,0.01
200,0.65,0.01,0.0
201,0.9500000000000001,0.0,0.07
202,0.9500000000000001,0.01,0.07
203,0.9,0.0,0.06
204,0.9,0.01,0.06
205,0.8500000000000001,0.0,0.05
206,1.0,0.03,0.07
207,0.8500000000000001,0.01,0.05
208,0.8,0.0,0.04
209,0.8,0.01,0.04
210,0.75,0.0,0.03
211,0.9500000000000001,0.04,0.06
212,0.75,0.01,0.03
213,0.7000000000000001,0.0,0.02
214,0.9,0.04,0.05
215,0.7000000000000001,0.01,0.02
216,0.65,0.0,0.01
217,1.0,0.08,0.01
218,0.9500000000000001,0.07,0.02
219,0.9,0.06,0.02
220,1.0,0.07,0.04
221,0.8500000000000001,0.05,0.02
222,0.8,0.04,0.02
223,1.0,0.06,0.06
224,0.9500000000000001,0.06,0.05
225,0.8500000000000001,0.04,0.04
226,0.75,0.03,0.02
227,0.65,0.01,0.01
228,1.0,0.01,0.08
229,0.9500000000000001,0.02,0.07
230,0.9,0.02,0.06
231,1.0,0.04,0.07
232,0.8500000000000001,0.02,0.05
233,0.8,0.02,0.04
234,0.9500000000000001,0.05,0.06
235,0.75,0.02,0.03
236,1.0,0.08,0.0
237,1.0,0.08,0.02
238,0.9500000000000001,0.07,0.03
239,0.9,0.06,0.03
240,1.0,0.07,0.05
241,0.8500000000000001,0.05,0.03
242,0.9,0.05,0.05
243,0.8,0.04,0.03
244,0.7000000000000001,0.02,0.02
245,0.6000000000000001,0.0,0.0
246,1.0,0.0,0.08
247,1.0,0.02,0.08
248,0.9500000000000001,0.03,0.07
249,0.9,0.03,0.06
250,1.0,0.05,0.07
251,0.8500000000000001,0.03,0.05
252,0.8,0.03,0.04
253,0.9500000000000001,0.08,0.0
254,0.9500000000000001,0.08,0.01
255,0.9,0.07,0.0
256,0.9,0.07,0.01
257,0.8500000000000001,0.06,0.0
258,1.0,0.08,0.03
259,0.8500000000000001,0.06,0.01
260,0.8,0.05,0.0
261,0.8,0.05,0.01
262,0.75,0.04,0.0
263,0.9500000000000001,0.07,0.04
264,0.75,0.04,0.01
265,0.7000000000000001,0.03,0.0
266,0.9,0.06,0.04
267,0.7000000000000001,0.03,0.01
268,0.65,0.02,0.0
269,1.0,0.07,0.06
270,0.9500000000000001,0.06,0.06
271,0.8500000000000001,0.05,0.04
272,0.75,0.03,0.03
273,0.65,0.02,0.01
274,0.6000000000000001,0.01,0.0
275,0.9500000000000001,0.0,0.08
276,0.9500000000000001,0.01,0.08
277,0.9,0.0,0.07
278,0.9,0.01,0.07
279,0.8500000000000001,0.0,0.06
280,1.0,0.03,0.08
281,0.8500000000000001,0.01,0.06
282,0.8,0.0,0.05
283,0.8,0.01,0.05
284,0.75,0.0,0.04
285,0.9500000000000001,0.04,0.07
286,0.75,0.01,0.04
287,0.7000000000000001,0.0,0.03
288,0.9,0.04,0.06
289,0.7000000000000001,0.01,0.03
290,0.65,0.0,0.02
291,1.0,0.06,0.07
292,0.8500000000000001,0.04,0.05
293,0.65,0.01,0.02
294,0.6000000000000001,0.0,0.01
295,1.0,0.09,0.01
296,0.9500000000000001,0.08,0.02
297,0.9,0.07,0.02
298,1.0,0.08,0.04
299,0.8500000000000001,0.06,0.02
300,0.8,0.05,0.02
301,0.9500000000000001,0.07,0.05
302,0.75,0.04,0.02
303,0.9,0.06,0.05
304,0.8,0.04,0.04
305,0.7000000000000001,0.03,0.02
306,0.6000000000000001,0.01,0.01
307,1.0,0.01,0.09
308,0.9500000000000001,0.02,0.08
309,0.9,0.02,0.07
310,1.0,0.04,0.08
311,0.8500000000000001,0.02,0.06
312,0.8,0.02,0.05
313,0.9500000000000001,0.05,0.07
314,0.75,0.02,0.04
315,0.9,0.05,0.06
316,0.7000000000000001,0.02,0.03
317,1.0,0.09,0.0
318,1.0,0.09,0.02
319,0.9500000000000001,0.08,0.03
320,0.9,0.07,0.03
321,1.0,0.08,0.05
322,0.8500000000000001,0.06,0.03
323,0.8,0.05,0.03
324,1.0,0.07,0.07
325,0.9500000000000001,0.07,0.06
326,0.8500000000000001,0.05,0.05
327,0.75,0.04,0.03
328,0.65,0.02,0.02
329,0.55,0.0,0.0
330,1.0,0.0,0.09
331,1.0,0.02,0.09
332,0.9500000000000001,0.03,0.08
333,0.9,0.03,0.07
334,1.0,0.05,0.08
335,0.8500000000000001,0.03,0.06
336,0.8,0.03,0.05
337,0.9500000000000001,0.06,0.07
338,0.75,0.03,0.04
339,0.9500000000000001,0.09,0.0
340,0.9500000000000001,0.09,0.01
341,0.9,0.08,0.0
342,0.9,0.08,0.01
343,0.8500000000000001,0.07,0.0
344,1.0,0.09,0.03
345,0.8500000000000001,0.07,0.01
346,0.8,0.06,0.0
347,0.8,0.06,0.01
348,0.75,0.05,0.0
349,0.9500000000000001,0.08,0.04
350,0.75,0.05,0.01
351,0.7000000000000001,0.04,0.0
352,0.9,0.07,0.04
353,0.7000000000000001,0.04,0.01
354,0.65,0.03,0.0
355,1.0,0.08,0.06
356,0.8500000000000001,0.06,0.04
357,0.65,0.03,0.01
358,0.6000000000000001,0.02,0.0
359,0.9,0.06,0.06
360,0.8,0.05,0.04
361,0.7000000000000001,0.03,0.03
362,0.6000000000000001,0.02,0.01
363,0.55,0.01,0.0
364,0.9500000000000001,0.0,0.09
365,0.9500000000000001,0.01,0.09
366,0.9,0.0,0.08
367,0.9,0.01,0.08
368,0.8500000000000001,0.0,0.07
369,1.0,0.03,0.09
370,0.8500000000000001,0.01,0.07
371,0.8,0.0,0.06
372,0.8,0.01,0.06
373,0.75,0.0,0.05
374,0.9500000000000001,0.04,0.08
375,0.75,0.01,0.05
376,0.7000000000000001,0.0,0.04
377,0.9,0.04,0.07
378,0.7000000000000001,0.01,0.04
379,0.65,0.0,0.03
380,1.0,0.06,0.08
381,0.8500000000000001,0.04,0.06
382,0.65,0.01,0.03
383,0.6000000000000001,0.0,0.02
384,0.8,0.04,0.05
385,0.6000000000000001,0.01,0.02
386,0.55,0.0,0.01
387,1.0,0.1,0.01
388,0.9500000000000001,0.09,0.02
389,0.9,0.08,0.02
390,1.0,0.09,0.04
391,0.8500000000000001,0.07,0.02
392,0.8,0.06,0.02
393,0.9500000000000001,0.08,0.05
394,0.75,0.05,0.02
395,0.9,0.07,0.05
396,0.7000000000000001,0.04,0.02
397,1.0,0.08,0.07
398,0.9500000000000001,0.07,0.07
399,0.8500000000000001,0.06,0.05
400,0.75,0.04,0.04
401,0.65,0.03,0.02
402,0.55,0.01,0.01
403,1.0,0.01,0.1
404,0.9500000000000001,0.02,0.09
405,0.9,0.02,0.08
406,1.0,0.04,0.09
407,0.8500000000000001,0.02,0.07
408,0.8,0.02,0.06
409,0.9500000000000001,0.05,0.08
410,0.75,0.02,0.05
411,0.9,0.05,0.07
412,0.7000000000000001,0.02,0.04
413,1.0,0.07,0.08
414,0.8500000000000001,0.05,0.06
415,0.65,0.02,0.03
416,1.0,0.1,0.0
417,1.0,0.1,0.02
418,0.9500000000000001,0.09,0.03
419,0.9,0.08,0.03
420,1.0,0.09,0.05
421,0.8500000000000001,0.07,0.03
422,0.8,0.06,0.03
423,0.9500000000000001,0.08,0.06
424,0.75,0.05,0.03
425,0.9,0.07,0.06
426,0.8,0.05,0.05
427,0.7000000000000001,0.04,0.03
428,0.6000000000000001,0.02,0.02
429,0.5,0.0,0.0
430,1.0,0.0,0.1
431,1.0,0.02,0.1
432,0.9500000000000001,0.03,0.09
433,0.9,0.03,0.08
434,1.0,0.05,0.09
435,0.8500000000000001,0.03,0.07
436,0.8,0.03,0.06
437,0.9500000000000001,0.06,0.08
438,0.75,0.03,0.05
439,0.9,0.06,0.07
440,0.7000000000000001,0.03,0.04
441,0.9500000000000001,0.1,0.0
442,0.9500000000000001,0.1,0.01
443,0.9,0.09,0.0
444,0.9,0.09,0.01
445,0.8500000000000001,0.08,0.0
446,1.0,0.1,0.03
447,0.8500000000000001,0.08,0.01
448,0.8,0.07,0.0
449,0.8,0.07,0.01
450,0.75,0.06,0.0
451,0.9500000000000001,0.09,0.04
452,0.75,0.06,0.01
453,0.7000000000000001,0.05,0.0
454,0.9,0.08,0.04
455,0.7000000000000001,0.05,0.01
456,0.65,0.04,0.0
457,1.0,0.09,0.06
458,0.8500000000000001,0.07,0.04
459,0.65,0.04,0.01
460,0.6000000000000001,0.03,0.0
461,0.8,0.06,0.04
462,0.6000000000000001,0.03,0.01
463,0.55,0.02,0.0
464,1.0,0.08,0.08
465,0.9500000000000001,0.08,0.07
466,0.8500000000000001,0.06,0.06
467,0.75,0.05,0.04
468,0.65,0.03,0.03
469,0.55,0.02,0.01
470,0.5,0.01,0.0
471,0.9500000000000001,0.0,0.1
472,0.9500000000000001,0.01,0.1
473,0.9,0.0,0.09
474,0.9,0.01,0.09
475,0.8500000000000001,0.0,0.08
476,1.0,0.03,0.1
477,0.8500000000000001,0.01,0.08
478,0.8,0.0,0.07
479,0.8,0.01,0.07
480,0.75,0.0,0.06
481,0.9500000000000001,0.04,0.09
482,0.75,0.01,0.06
483,0.7000000000000001,0.0,0.05
484,0.9,0.04,0.08
485,0.7000000000000001,0.01,0.05
486,0.65,0.0,0.04
487,1.0,0.06,0.09
488,0.8500000000000001,0.04,0.07
489,0.65,0.01,0.04
490,0.6000000000000001,0.0,0.03
491,0.8,0.04,0.06
492,0.6000000000000001,0.01,0.03
493,0.55,0.0,0.02
494,0.9500000000000001,0.07,0.08
495,0.75,0.04,0.05
496,0.55,0.01,0.02
497,0.5,0.0,0.01
498,0.9500000000000001,0.1,0.02
499,0.9,0.09,0.02
500,1.0,0.1,0.04
501,0.8500000000000001,0.08,0.02
502,0.8,0.07,0.02
503,0.9500000000000001,0.09,0.05
504,0.75,0.06,0.02
505,0.9,0.08,0.05
506,0.7000000000000001,0.05,0.02
507,1.0,0.09,0.07
508,0.8500000000000001,0.07,0.05
509,0.65,0.04,0.02
510,0.9,0.07,0.07
511,0.8,0.06,0.05
512,0.7000000000000001,0.04,0.04
513,0.6000000000000001,0.03,0.02
514,0.5,0.01,0.01
515,0.9500000000000001,0.02,0.1
516,0.9,0.02,0.09
517,1.0,0.04,0.1
518,0.8500000000000001,0.02,0.08
519,0.8,0.02,0.07
520,0.9500000000000001,0.05,0.09
521,0.75,0.02,0.06
522,0.9,0.05,0.08
523,0.7000000000000001,0.02,0.05
524,1.0,0.07,0.09
525,0.8500000000000001,0.05,0.07
526,0.65,0.02,0.04
527,0.8,0.05,0.06
528,0.6000000000000001,0.02,0.03
529,0.9500000000000001,0.1,0.03
530,0.9,0.09,0.03
531,1.0,0.1,0.05
532,0.8500000000000001,0.08,0.03
533,0.8,0.07,0.03
534,0.9500000000000001,0.09,0.06
535,0.75,0.06,0.03
536,0.9,0.08,0.06
537,0.7000000000000001,0.05,0.03
538,1.0,0.09,0.08
539,0.9500000000000001,0.08,0.08
540,0.8500000000000001,0.07,0.06
541,0.75,0.05,0.05
542,0.65,0.04,0.03
543,0.55,0.02,0.02
544,0.45,0.0,0.0
545,0.9500000000000001,0.03,0.1
546,0.9,0.03,0.09
547,1.0,0.05,0.1
548,0.8500000000000001,0.03,0.08
549,0.8,0.03,0.07
550,0.9500000000000001,0.06,0.09
551,0.75,0.03,0.06
552,0.9,0.06,0.08
553,0.7000000000000001,0.03,0.05
554,1.0,0.08,0.09
555,0.8500000000000001,0.06,0.07
556,0.65,0.03,0.04
557,0.9,0.1,0.0
558,0.9,0.1,0.01
559,0.8500000000000001,0.09,0.0
560,0.8500000000000001,0.09,0.01
561,0.8,0.08,0.0
562,0.8,0.08,0.01
563,0.75,0.07,0.0
564,0.9500000000000001,0.1,0.04
565,0.75,0.07,0.01
566,0.7000000000000001,0.06,0.0
567,0.9,0.09,0.04
568,0.7000000000000001,0.06,0.01
569,0.65,0.05,0.0
570,1.0,0.1,0.06
571,0.8500000000000001,0.08,0.04
572,0.65,0.05,0.01
573,0.6000000000000001,0.04,0.0
574,0.8,0.07,0.04
575,0.6000000000000001,0.04,0.01
576,0.55,0.03,0.0
577,0.9500000000000001,0.09,0.07
578,0.75,0.06,0.04
579,0.55,0.03,0.01
580,0.5,0.02,0.0
581,0.9,0.08,0.07
582,0.8,0.06,0.06
583,0.7000000000000001,0.05,0.04
584,0.6000000000000001,0.03,0.03
585,0.5,0.02,0.01
586,0.45,0.01,0.0
587,0.9,0.0,0.1
588,0.9,0.01,0.1
589,0.8500000000000001,0.0,0.09
590,0.8500000000000001,0.01,0.09
591,0.8,0.0,0.08
592,0.8,0.01,0.08
593,0.75,0.0,0.07
594,0.9500000000000001,0.04,0.1
595,0.75,0.01,0.07
596,0.7000000000000001,0.0,0.06
597,0.9,0.04,0.09
598,0.7000000000000001,0.01,0.06
599,0.65,0.0,0.05
600,1.0,0.06,0.1
601,0.8500000000000001,0.04,0.08
602,0.65,0.01,0.05
603,0.6000000000000001,0.0,0.04
604,0.8,0.04,0.07
605,0.6000000000000001,0.01,0.04
606,0.55,0.0,0.03
607,0.9500000000000001,0.07,0.09
608,0.75,0.04,0.06
609,0.55,0.01,0.03
610,0.5,0.0,0.02
611,0.9,0.07,0.08
612,0.7000000000000001,0.04,0.05
613,0.5,0.01,0.02
614,0.45,0.0,0.01
615,0.9,0.1,0.02
616,0.8500000000000001,0.09,0.02
617,0.8,0.08,0.02
618,0.9500000000000001,0.1,0.05
619,0.75,0.07,0.02
620,0.9,0.09,0.05
621,0.7000000000000001,0.06,0.02
622,1.0,0.1,0.07
623,0.8500000000000001,0.08,0.05
624,0.65,0.05,0.02
625,0.8,0.07,0.05
626,0.6000000000000001,0.04,0.02
627,1.0,0.09,0.09
628,0.9500000000000001,0.09,0.08
629,0.8500000000000001,0.07,0.07
630,0.75,0.06,0.05
631,0.65,0.04,0.04
632,0.55,0.03,0.02
633,0.45,0.01,0.01
634,0.9,0.02,0.1
635,0.8500000000000001,0.02,0.09
636,0.8,0.02,0.08
637,0.9500000000000001,0.05,0.1
638,0.75,0.02,0.07
639,0.9,0.05,0.09
640,0.7000000000000001,0.02,0.06
641,1.0,0.07,0.1
642,0.8500000000000001,0.05,0.08
643,0.65,0.02,0.05
644,0.8,0.05,0.07
645,0.6000000000000001,0.02,0.04
646,0.9500000000000001,0.08,0.09
647,0.75,0.05,0.06
648,0.55,0.02,0.03
649,0.9,0.1,0.03
650,0.8500000000000001,0.09,0.03
651,0.8,0.08,0.03
652,0.9500000000000001,0.1,0.06
653,0.75,0.07,0.03
654,0.9,0.09,0.06
655,0.7000000000000001,0.06,0.03
656,1.0,0.1,0.08
657,0.8500000000000001,0.08,0.06
658,0.65,0.05,0.03
659,0.9,0.08,0.08
660,0.8,0.07,0.06
661,0.7000000000000001,0.05,0.05
662,0.6000000000000001,0.04,0.03
663,0.5,0.02,0.02
664,0.4,0.0,0.0
665,0.9,0.03,0.1
666,0.8500000000000001,0.03,0.09
667,0.8,0.03,0.08
668,0.9500000000000001,0.06,0.1
669,0.75,0.03,0.07
670,0.9,0.06,0.09
671,0.7000000000000001,0.03,0.06
672,1.0,0.08,0.1
673,0.8500000000000001,0.06,0.08
674,0.65,0.03,0.05
675,0.8,0.06,0.07
676,0.6000000000000001,0.03,0.04
677,0.8500000000000001,0.1,0.0
678,0.8500000000000001,0.1,0.01
679,0.8,0.09,0.0
680,0.8,0.09,0.01
681,0.75,0.08,0.0
682,0.75,0.08,0.01
683,0.7000000000000001,0.07,0.0
684,0.9,0.1,0.04
685,0.7000000000000001,0.07,0.01
686,0.65,0.06,0.0
687,0.8500000000000001,0.09,0.04
688,0.65,0.06,0.01
689,0.6000000000000001,0.05,0.0
690,0.8,0.08,0.04
691,0.6000000000000001,0.05,0.01
692,0.55,0.04,0.0
693,0.9500000000000001,0.1,0.07
694,0.75,0.07,0.04
695,0.55,0.04,0.01
696,0.5,0.03,0.0
697,0.9,0.09,0.07
698,0.7000000000000001,0.06,0.04
699,0.5,0.03,0.01
700,0.45,0.02,0.0
701,1.0,0.1,0.09
702,0.9500000000000001,0.09,0.09
703,0.8500000000000001,0.08,0.07
704,0.75,0.06,0.06
705,0.65,0.05,0.04
706,0.55,0.03,0.03
707,0.45,0.02,0.01
708,0.4,0.01,0.0
709,0.8500000000000001,0.0,0.1
710,0.8500000000000001,0.01,0.1
711,0.8,0.0,0.09
712,0.8,0.01,0.09
713,0.75,0.0,0.08
714,0.75,0.01,0.08
715,0.7000000000000001,0.0,0.07
716,0.9,0.04,0.1
717,0.7000000000000001,0.01,0.07
718,0.65,0.0,0.06
719,0.8500000000000001,0.04,0.09
720,0.65,0.01,0.06
721,0.6000000000000001,0.0,0.05
722,0.8,0.04,0.08
723,0.6000000000000001,0.01,0.05
724,0.55,0.0,0.04
725,0.9500000000000001,0.07,0.1
726,0.75,0.04,0.07
727,0.55,0.01,0.04
728,0.5,0.0,0.03
729,0.9,0.07,0.09
730,0.7000000000000001,0.04,0.06
731,0.5,0.01,0.03
732,0.45,0.0,0.02
733,1.0,0.09,0.1
734,0.8500000000000001,0.07,0.08
735,0.65,0.04,0.05
736,0.45,0.01,0.02
737,0.4,0.0,0.01
738,0.8500000000000001,0.1,0.02
739,0.8,0.09,0.02
740,0.75,0.08,0.02
741,0.9,0.1,0.05
742,0.7000000000000001,0.07,0.02
743,0.8500000000000001,0.09,0.05
744,0.65,0.06,0.02
745,0.8,0.08,0.05
746,0.6000000000000001,0.05,0.02
747,0.9500000000000001,0.1,0.08
748,0.75,0.07,0.05
749,0.55,0.04,0.02
750,0.9,0.09,0.08
751,0.8,0.07,0.07
752,0.7000000000000001,0.06,0.05
753,0.6000000000000001,0.04,0.04
754,0.5,0.03,0.02
755,0.4,0.01,0.01
756,0.8500000000000001,0.02,0.1
757,0.8,0.02,0.09
758,0.75,0.02,0.08
759,0.9,0.05,0.1
760,0.7000000000000001,0.02,0.07
761,0.8500000000000001,0.05,0.09
762,0.65,0.02,0.06
763,0.8,0.05,0.08
764,0.6000000000000001,0.02,0.05
765,0.9500000000000001,0.08,0.1
766,0.75,0.05,0.07
767,0.55,0.02,0.04
768,0.9,0.08,0.09
769,0.7000000000000001,0.05,0.06
770,0.5,0.02,0.03
771,0.8500000000000001,0.1,0.03
772,0.8,0.09,0.03
773,0.75,0.08,0.03
774,0.9,0.1,0.06
775,0.7000000000000001,0.07,0.03
776,0.8500000000000001,0.09,0.06
777,0.65,0.06,0.03
778,0.8,0.08,0.06
779,0.6000000000000001,0.05,0.03
780,1.0,0.1,0.1
781,0.9500000000000001,0.1,0.09
782,0.8500000000000001,0.08,0.08
783,0.75,0.07,0.06
784,0.65,0.05,0.05
785,0.55,0.04,0.03
786,0.45,0.02,0.02
787,0.35000000000000003,0.0,0.0
788,0.8500000000000001,0.03,0.1
789,0.8,0.03,0.09
790,0.75,0.03,0.08
791,0.9,0.06,0.1
792,0.7000000000000001,0.03,0.07
793,0.8500000000000001,0.06,0.09
794,0.65,0.03,0.06
795,0.8,0.06,0.08
796,0.6000000000000001,0.03,0.05
797,0.9500000000000001,0.09,0.1
798,0.75,0.06,0.07
799,0.55,0.03,0.04
800,0.8,0.1,0.0
801,0.8,0.1,0.01
802,0.75,0.09,0.0
803,0.75,0.09,0.01
804,0.7000000000000001,0.08,0.0
805,0.7000000000000001,0.08,0.01
806,0.65,0.07,0.0
807,0.8500000000000001,0.1,0.04
808,0.65,0.07,0.01
809,0.6000000000000001,0.06,0.0
810,0.8,0.09,0.04
811,0.6000000000000001,0.06,0.01
812,0.55,0.05,0.0
813,0.75,0.08,0.04
814,0.55,0.05,0.01
815,0.5,0.04,0.0
816,0.9,0.1,0.07
817,0.7000000000000001,0.07,0.04
818,0.5,0.04,0.01
819,0.45,0.03,0.0
820,0.8500000000000001,0.09,0.07
821,0.65,0.06,0.04
822,0.45,0.03,0.01
823,0.4,0.02,0.0
824,0.9,0.09,0.09
825,0.8,0.08,0.07
826,0.7000000000000001,0.06,0.06
827,0.6000000000000001,0.05,0.04
828,0.5,0.03,0.03
829,0.4,0.02,0.01
830,0.35000000000000003,0.01,0.0
831,0.8,0.0,0.1
832,0.8,0.01,0.1
833,0.75,0.0,0.09
834,0.75,0.01,0.09
835,0.7000000000000001,0.0,0.08
836,0.7000000000000001,0.01,0.08
837,0.65,0.0,0.07
838,0.8500000000000001,0.04,0.1
839,0.65,0.01,0.07
840,0.6000000000000001,0.0,0.06
841,0.8,0.04,0.09
842,0.6000000000000001,0.01,0.06
843,0.55,0.0,0.05
844,0.75,0.04,0.08
845,0.55,0.01,0.05
846,0.5,0.0,0.04
847,0.9,0.07,0.1
848,0.7000000000000001,0.04,0.07
849,0.5,0.01,0.04
850,0.45,0.0,0.03
851,0.8500000000000001,0.07,0.09
852,0.65,0.04,0.06
853,0.45,0.01,0.03
854,0.4,0.0,0.02
855,0.8,0.07,0.08
856,0.6000000000000001,0.04,0.05
857,0.4,0.01,0.02
858,0.35000000000000003,0.0,0.01
859,0.8,0.1,0.02
860,0.75,0.09,0.02
861,0.7000000000000001,0.08,0.02
862,0.8500000000000001,0.1,0.05
863,0.65,0.07,0.02
864,0.8,0.09,0.05
865,0.6000000000000001,0.06,0.02
866,0.75,0.08,0.05
867,0.55,0.05,0.02
868,0.9,0.1,0.08
869,0.7000000000000001,0.07,0.05
870,0.5,0.04,0.02
871,0.9500000000000001,0.1,0.1
872,0.8500000000000001,0.09,0.08
873,0.75,0.07,0.07
874,0.65,0.06,0.05
875,0.55,0.04,0.04
876,0.45,0.03,0.02
877,0.35000000000000003,0.01,0.01
878,0.8,0.02,0.1
879,0.75,0.02,0.09
880,0.7000000000000001,0.02,0.08
881,0.8500000000000001,0.05,0.1
882,0.65,0.02,0.07
883,0.8,0.05,0.09
884,0.6000000000000001,0.02,0.06
885,0.75,0.05,0.08
886,0.55,0.02,0.05
887,0.9,0.08,0.1
888,0.7000000000000001,0.05,0.07
889,0.5,0.02,0.04
890,0.8500000000000001,0.08,0.09
891,0.65,0.05,0.06
892,0.45,0.02,0.03
893,0.8,0.1,0.03
894,0.75,0.09,0.03
895,0.7000000000000001,0.08,0.03
896,0.8500000000000001,0.1,0.06
897,0.65,0.07,0.03
898,0.8,0.09,0.06
899,0.6000000000000001,0.06,0.03
900,0.75,0.08,0.06
901,0.55,0.05,0.03
902,0.9,0.1,0.09
903,0.8,0.08,0.08
904,0.7000000000000001,0.07,0.06
905,0.6000000000000001,0.05,0.05
906,0.5,0.04,0.03
907,0.4,0.02,0.02
908,0.30000000000000004,0.0,0.0
909,0.8,0.03,0.1
910,0.75,0.03,0.09
911,0.7000000000000001,0.03,0.08
912,0.8500000000000001,0.06,0.1
913,0.65,0.03,0.07
914,0.8,0.06,0.09
915,0.6000000000000001,0.03,0.06
916,0.75,0.06,0.08
917,0.55,0.03,0.05
918,0.9,0.09,0.1
919,0.7000000000000001,0.06,0.07
920,0.5,0.03,0.04
921,0.75,0.1,0.0
922,0.75,0.1,0.01
923,0.7000000000000001,0.09,0.0
924,0.7000000000000001,0.09,0.01
925,0.65,0.08,0.0
926,0.65,0.08,0.01
927,0.6000000000000001,0.07,0.0
928,0.8,0.1,0.04
929,0.6000000000000001,0.07,0.01
930,0.55,0.06,0.0
931,0.75,0.09,0.04
932,0.55,0.06,0.01
933,0.5,0.05,0.0
934,0.7000000000000001,0.08,0.04
935,0.5,0.05,0.01
936,0.45,0.04,0.0
937,0.8500000000000001,0.1,0.07
938,0.65,0.07,0.04
939,0.45,0.04,0.01
940,0.4,0.03,0.0
941,0.8,0.09,0.07
942,0.6000000000000001,0.06,0.04
943,0.4,0.03,0.01
944,0.35000000000000003,0.02,0.0
945,0.8500000000000001,0.09,0.09
946,0.75,0.08,0.07
947,0.65,0.06,0.06
948,0.55,0.05,0.04
949,0.45,0.03,0.03
950,0.35000000000000003,0.02,0.01
951,0.30000000000000004,0.01,0.0
952,0.75,0.0,0.1
953,0.75,0.01,0.1
954,0.7000000000000001,0.0,0.09
955,0.7000000000000001,0.01,0.09
956,0.65,0.0,0.08
957,0.65,0.01,0.08
958,0.6000000000000001,0.0,0.07
959,0.8,0.04,0.1
960,0.6000000000000001,0.01,0.07
961,0.55,0.0,0.06
962,0.75,0.04,0.09
963,0.55,0.01,0.06
964,0.5,0.0,0.05
965,0.7000000000000001,0.04,0.08
966,0.5,0.01,0.05
967,0.45,0.0,0.04
968,0.8500000000000001,0.07,0.1
969,0.65,0.04,0.07
970,0.45,0.01,0.04
971,0.4,0.0,0.03
972,0.8,0.07,0.09
973,0.6000000000000001,0.04,0.06
974,0.4,0.01,0.03
975,0.35000000000000003,0.0,0.02
976,0.75,0.07,0.08
977,0.55,0.04,0.05
978,0.35000000000000003,0.01,0.02
979,0.30000000000000004,0.0,0.01
980,0.75,0.1,0.02
981,0.7000000000000001,0.09,0.02
982,0.65,0.08,0.02
983,0.8,0.1,0.05
984,0.6000000000000001,0.07,0.02
985,0.75,0.09,0.05
986,0.55,0.06,0.02
987,0.7000000000000001,0.08,0.05
988,0.5,0.05,0.02
989,0.8500000000000001,0.1,0.08
990,0.65,0.07,0.05
991,0.45,0.04,0.02
992,0.9,0.1,0.1
993,0.8,0.09,0.08
994,0.7000000000000001,0.07,0.07
995,0.6000000000000001,0.06,0.05
996,0.5,0.04,0.04
997,0.4,0.03,0.02
998,0.30000000000000004,0.01,0.01
999,0.75,0.02,0.1
1000,0.7000000000000001,0.02,0.09
1001,0.65,0.02,0.08
1002,0.8,0.05,0.1
1003,0.6000000000000001,0.02,0.07
1004,0.75,0.05,0.09
1005,0.55,0.02,0.06
1006,0.7000000000000001,0.05,0.08
1007,0.5,0.02,0.05
1008,0.8500000000000001,0.08,0.1
1009,0.65,0.05,0.07
1010,0.45,0.02,0.04
1011,0.8,0.08,0.09
1012,0.6000000000000001,0.05,0.06
1013,0.4,0.02,0.03
1014,0.75,0.1,0.03
1015,0.7000000000000001,0.09,0.03
1016,0.65,0.08,0.03
1017,0.8,0.1,0.06
1018,0.6000000000000001,0.07,0.03
1019,0.75,0.09,0.06
1020,0.55,0.06,0.03
1021,0.7000000000000001,0.08,0.06
1022,0.5,0.05,0.03
1023,0.8500000000000001,0.1,0.09
1024,0.75,0.08,0.08
1025,0.65,0.07,0.06
1026,0.55,0.05,0.05
1027,0.45,0.04,0.03
1028,0.35000000000000003,0.02,0.02
1029,0.25,0.0,0.0
1030,0.75,0.03,0.1
1031,0.7000000000000001,0.03,0.09
1032,0.65,0.03,0.08
1033,0.8,0.06,0.1
1034,0.6000000000000001,0.03,0.07
1035,0.75,0.06,0.09
1036,0.55,0.03,0.06
1037,0.7000000000000001,0.06,0.08
1038,0.5,0.03,0.05
1039,0.8500000000000001,0.09,0.1
1040,0.65,0.06,0.07
1041,0.45,0.03,0.04
1042,0.7000000000000001,0.1,0.0
1043,0.7000000000000001,0.1,0.01
1044,0.65,0.09,0.0
1045,0.65,0.09,0.01
1046,0.6000000000000001,0.08,0.0
1047,0.6000000000000001,0.08,0.01
1048,0.55,0.07,0.0
1049,0.75,0.1,0.04
1050,0.55,0.07,0.01
1051,0.5,0.06,0.0
1052,0.7000000000000001,0.09,0.04
1053,0.5,0.06,0.01
1054,0.45,0.05,0.0
1055,0.65,0.08,0.04
1056,0.45,0.05,0.01
1057,0.4,0.04,0.0
1058,0.8,0.1,0.07
1059,0.6000000000000001,0.07,0.04
1060,0.4,0.04,0.01
1061,0.35000000000000003,0.03,0.0
1062,0.75,0.09,0.07
1063,0.55,0.06,0.04
1064,0.35000000000000003,0.03,0.01
1065,0.30000000000000004,0.02,0.0
1066,0.8,0.09,0.09
1067,0.7000000000000001,0.08,0.07
1068,0.6000000000000001,0.06,0.06
1069,0.5,0.05,0.04
1070,0.4,0.03,0.03
1071,0.30000000000000004,0.02,0.01
1072,0.25,0.01,0.0
1073,0.7000000000000001,0.0,0.1
1074,0.7000000000000001,0.01,0.1
1075,0.65,0.0,0.09
1076,0.65,0.01,0.09
1077,0.6000000000000001,0.0,0.08
1078,0.6000000000000001,0.01,0.08
1079,0.55,0.0,0.07
1080,0.75,0.04,0.1
1081,0.55,0.01,0.07
1082,0.5,0.0,0.06
1083,0.7000000000000001,0.04,0.09
1084,0.5,0.01,0.06
1085,0.45,0.0,0.05
1086,0.65,0.04,0.08
1087,0.45,0.01,0.05
1088,0.4,0.0,0.04
1089,0.8,0.07,0.1
1090,0.6000000000000001,0.04,0.07
1091,0.4,0.01,0.04
1092,0.35000000000000003,0.0,0.03
1093,0.75,0.07,0.09
1094,0.55,0.04,0.06
1095,0.35000000000000003,0.01,0.03
1096,0.30000000000000004,0.0,0.02
1097,0.7000000000000001,0.07,0.08
1098,0.5,0.04,0.05
1099,0.30000000000000004,0.01,0.02
1100,0.25,0.0,0.01
1101,0.7000000000000001,0.1,0.02
1102,0.65,0.09,0.02
1103,0.6000000000000001,0.08,0.02
1104,0.75,0.1,0.05
1105,0.55,0.07,0.02
1106,0.7000000000000001,0.09,0.05
1107,0.5,0.06,0.02
1108,0.65,0.08,0.05
1109,0.45,0.05,0.02
1110,0.8,0.1,0.08
1111,0.6000000000000001,0.07,0.05
1112,0.4,0.04,0.02
1113,0.8500000000000001,0.1,0.1
1114,0.75,0.09,0.08
1115,0.65,0.07,0.07
1116,0.55,0.06,0.05
1117,0.45,0.04,0.04
1118,0.35000000000000003,0.03,0.02
1119,0.25,0.01,0.01
1120,0.7000000000000001,0.02,0.1
1121,0.65,0.02,0.09
1122,0.6000000000000001,0.02,0.08
1123,0.75,0.05,0.1
1124,0.55,0.02,0.07
1125,0.7000000000000001,0.05,0.09
1126,0.5,0.02,0.06
1127,0.65,0.05,0.08
1128,0.45,0.02,0.05
1129,0.8,0.08,0.1
1130,0.6000000000000001,0.05,0.07
1131,0.4,0.02,0.04
1132,0.75,0.08,0.09
1133,0.55,0.05,0.06
1134,0.35000000000000003,0.02,0.03
1135,0.7000000000000001,0.1,0.03
1136,0.65,0.09,0.03
1137,0.6000000000000001,0.08,0.03
1138,0.75,0.1,0.06
1139,0.55,0.07,0.03
1140,0.7000000000000001,0.09,0.06
1141,0.5,0.06,0.03
1142,0.65,0.08,0.06
1143,0.45,0.05,0.03
1144,0.8,0.1,0.09
1145,0.7000000000000001,0.08,0.08
1146,0.6000000000000001,0.07,0.06
1147,0.5,0.05,0.05
1148,0.4,0.04,0.03
1149,0.30000000000000004,0.02,0.02
1150,0.2,0.0,0.0
1151,0.7000000000000001,0.03,0.1
1152,0.65,0.03,0.09
1153,0.6000000000000001,0.03,0.08
1154,0.75,0.06,0.1
1155,0.55,0.03,0.07
1156,0.7000000000000001,0.06,0.09
1157,0.5,0.03,0.06
1158,0.65,0.06,0.08
1159,0.45,0.03,0.05
1160,0.8,0.09,0.1
1161,0.6000000000000001,0.06,0.07
1162,0.4,0.03,0.04
1163,0.65,0.1,0.0
1164,0.65,0.1,0.01
1165,0.6000000000000001,0.09,0.0
1166,0.6000000000000001,0.09,0.01
1167,0.55,0.08,0.0
1168,0.55,0.08,0.01
1169,0.5,0.07,0.0
1170,0.7000000000000001,0.1,0.04
1171,0.5,0.07,0.01
1172,0.45,0.06,0.0
1173,0.65,0.09,0.04
1174,0.45,0.06,0.01
1175,0.4,0.05,0.0
1176,0.6000000000000001,0.08,0.04
1177,0.4,0.05,0.01
1178,0.35000000000000003,0.04,0.0
1179,0.75,0.1,0.07
1180,0.55,0.07,0.04
1181,0.35000000000000003,0.04,0.01
1182,0.30000000000000004,0.03,0.0
1183,0.7000000000000001,0.09,0.07
1184,0.5,0.06,0.04
1185,0.30000000000000004,0.03,0.01
1186,0.25,0.02,0.0
1187,0.75,0.09,0.09
1188,0.65,0.08,0.07
1189,0.55,0.06,0.06
1190,0.45,0.05,0.04
1191,0.35000000000000003,0.03,0.03
1192,0.25,0.02,0.01
1193,0.2,0.01,0.0
1194,0.65,0.0,0.1
1195,0.65,0.01,0.1
1196,0.6000000000000001,0.0,0.09
1197,0.6000000000000001,0.01,0.09
1198,0.55,0.0,0.08
1199,0.55,0.01,0.08
1200,0.5,0.0,0.07
1201,0.7000000000000001,0.04,0.1
1202,0.5,0.01,0.07
1203,0.45,0.0,0.06
1204,0.65,0.04,0.09
1205,0.45,0.01,0.06
1206,0.4,0.0,0.05
1207,0.6000000000000001,0.04,0.08
1208,0.4,0.01,0.05
1209,0.35000000000000003,0.0,0.04
1210,0.75,0.07,0.1
1211,0.55,0.04,0.07
1212,0.35000000000000003,0.01,0.04
1213,0.30000000000000004,0.0,0.03
1214,0.7000000000000001,0.07,0.09
1215,0.5,0.04,0.06
1216,0.30000000000000004,0.01,0.03
1217,0.25,0.0,0.02
1218,0.65,0.07,0.08
1219,0.45,0.04,0.05
1220,0.25,0.01,0.02
1221,0.2,0.0,0.01
1222,0.65,0.1,0.02
1223,0.6000000000000001,0.09,0.02
1224,0.55,0.08,0.02
1225,0.7000000000000001,0.1,0.05
1226,0.5,0.07,0.02
1227,0.65,0.09,0.05
1228,0.45,0.06,0.02
1229,0.6000000000000001,0.08,0.05
1230,0.4,0.05,0.02
1231,0.75,0.1,0.08
1232,0.55,0.07,0.05
1233,0.35000000000000003,0.04,0.02
1234,0.8,0.1,0.1
1235,0.7000000000000001,0.09,0.08
1236,0.6000000000000001,0.07,0.07
1237,0.5,0.06,0.05
1238,0.4,0.04,0.04
1239,0.30000000000000004,0.03,0.02
1240,0.2,0.01,0.01
1241,0.65,0.02,0.1
1242,0.6000000000000001,0.02,0.09
1243,0.55,0.02,0.08
1244,0.7000000000000001,0.05,0.1
1245,0.5,0.02,0.07
1246,0.65,0.05,0.09
1247,0.45,0.02,0.06
1248,0.6000000000000001,0.05,0.08
1249,0.4,0.02,0.05
1250,0.75,0.08,0.1
1251,0.55,0.05,0.07
1252,0.35000000000000003,0.02,0.04
1253,0.7000000000000001,0.08,0.09
1254,0.5,0.05,0.06
1255,0.30000000000000004,0.02,0.03
1256,0.65,0.1,0.03
1257,0.6000000000000001,0.09,0.03
1258,0.55,0.08,0.03
1259,0.7000000000000001,0.1,0.06
1260,0.5,0.07,0.03
1261,0.65,0.09,0.06
1262,0.45,0.06,0.03
1263,0.6000000000000001,0.08,0.06
1264,0.4,0.05,0.03
1265,0.75,0.1,0.09
1266,0.65,0.08,0.08
1267,0.55,0.07,0.06
1268,0.45,0.05,0.05
1269,0.35000000000000003,0.04,0.03
1270,0.25,0.02,0.02
1271,0.15000000000000002,0.0,0.0
1272,0.65,0.03,0.1
1273,0.6000000000000001,0.03,0.09
1274,0.55,0.03,0.08
1275,0.7000000000000001,0.06,0.1
1276,0.5,0.03,0.07
1277,0.65,0.06,0.09
1278,0.45,0.03,0.06
1279,0.6000000000000001,0.06,0.08
1280,0.4,0.03,0.05
1281,0.75,0.09,0.1
1282,0.55,0.06,0.07
1283,0.35000000000000003,0.03,0.04
1284,0.6000000000000001,0.1,0.0
1285,0.6000000000000001,0.1,0.01
1286,0.55,0.09,0.0
1287,0.55,0.09,0.01
1288,0.5,0.08,0.0
1289,0.5,0.08,0.01
1290,0.45,0.07,0.0
1291,0.65,0.1,0.04
1292,0.45,0.07,0.01
1293,0.4,0.06,0.0
1294,0.6000000000000001,0.09,0.04
1295,0.4,0.06,0.01
1296,0.35000000000000003,0.05,0.0
1297,0.55,0.08,0.04
1298,0.35000000000000003,0.05,0.01
1299,0.30000000000000004,0.04,0.0
1300,0.7000000000000001,0.1,0.07
1301,0.5,0.07,0.04
1302,0.30000000000000004,0.04,0.01
1303,0.25,0.03,0.0
1304,0.65,0.09,0.07
1305,0.45,0.06,0.04
1306,0.25,0.03,0.01
1307,0.2,0.02,0.0
1308,0.7000000000000001,0.09,0.09
1309,0.6000000000000001,0.08,0.07
1310,0.5,0.06,0.06
1311,0.4,0.05,0.04
1312,0.30000000000000004,0.03,0.03
1313,0.2,0.02,0.01
1314,0.15000000000000002,0.01,0.0
1315,0.6000000000000001,0.0,0.1
1316,0.6000000000000001,0.01,0.1
1317,0.55,0.0,0.09
1318,0.55,0.01,0.09
1319,0.5,0.0,0.08
1320,0.5,0.01,0.08
1321,0.45,0.0,0.07
1322,0.65,0.04,0.1
1323,0.45,0.01,0.07
1324,0.4,0.0,0.06
1325,0.6000000000000001,0.04,0.09
1326,0.4,0.01,0.06
1327,0.35000000000000003,0.0,0.05
1328,0.55,0.04,0.08
1329,0.35000000000000003,0.01,0.05
1330,0.30000000000000004,0.0,0.04
1331,0.7000000000000001,0.07,0.1
1332,0.5,0.04,0.07
1333,0.30000000000000004,0.01,0.04
1334,0.25,0.0,0.03
1335,0.65,0.07,0.09
1336,0.45,0.04,0.06
1337,0.25,0.01,0.03
1338,0.2,0.0,0.02
1339,0.6000000000000001,0.07,0.08
1340,0.4,0.04,0.05
1341,0.2,0.01,0.02
1342,0.15000000000000002,0.0,0.01
1343,0.6000000000000001,0.1,0.02
1344,0.55,0.09,0.02
1345,0.5,0.08,0.02
1346,0.65,0.1,0.05
1347,0.45,0.07,0.02
1348,0.6000000000000001,0.09,0.05
1349,0.4,0.06,0.02
1350,0.55,0.08,0.05
1351,0.35000000000000003,0.05,0.02
1352,0.7000000000000001,0.1,0.08
1353,0.5,0.07,0.05
1354,0.30000000000000004,0.04,0.02
1355,0.75,0.1,0.1
1356,0.65,0.09,0.08
1357,0.55,0.07,0.07
1358,0.45,0.06,0.05
1359,0.35000000000000003,0.04,0.04
1360,0.25,0.03,0.02
1361,0.15000000000000002,0.01,0.01
1362,0.6000000000000001,0.02,0.1
1363,0.55,0.02,0.09
1364,0.5,0.02,0.08
1365,0.65,0.05,0.1
1366,0.45,0.02,0.07
1367,0.6000000000000001,0.05,0.09
1368,0.4,0.02,0.06
1369,0.55,0.05,0.08
1370,0.35000000000000003,0.02,0.05
1371,0.7000000000000001,0.08,0.1
1372,0.5,0.05,0.07
1373,0.30000000000000004,0.02,0.04
1374,0.65,0.08,0.09
1375,0.45,0.05,0.06
1376,0.25,0.02,0.03
1377,0.6000000000000001,0.1,0.03
1378,0.55,0.09,0.03
1379,0.5,0.08,0.03
1380,0.65,0.1,0.06
1381,0.45,0.07,0.03
1382,0.6000000000000001,0.09,0.06
1383,0.4,0.06,0.03
1384,0.55,0.08,0.06
1385,0.35000000000000003,0.05,0.03
1386,0.7000000000000001,0.1,0.09
1387,0.6000000000000001,0.08,0.08
1388,0.5,0.07,0.06
1389,0.4,0.05,0.05
1390,0.30000000000000004,0.04,0.03
1391,0.2,0.02,0.02
1392,0.1,0.0,0.0
1393,0.6000000000000001,0.03,0.1
1394,0.55,0.03,0.09
1395,0.5,0.03,0.08
1396,0.65,0.06,0.1
1397,0.45,0.03,0.07
1398,0.6000000000000001,0.06,0.09
1399,0.4,0.03,0.06
1400,0.55,0.06,0.08
1401,0.35000000000000003,0.03,0.05
1402,0.7000000000000001,0.09,0.1
1403,0.5,0.06,0.07
1404,0.30000000000000004,0.03,0.04
1405,0.55,0.1,0.0
1406,0.55,0.1,0.01
1407,0.5,0.09,0.0
1408,0.5,0.09,0.01
1409,0.45,0.08,0.0
1410,0.45,0.08,0.01
1411,0.4,0.07,0.0
1412,0.6000000000000001,0.1,0.04
1413,0.4,0.07,0.01
1414,0.35000000000000003,0.06,0.0
1415,0.55,0.09,0.04
1416,0.35000000000000003,0.06,0.01
1417,0.30000000000000004,0.05,0.0
1418,0.5,0.08,0.04
1419,0.30000000000000004,0.05,0.01
1420,0.25,0.04,0.0
1421,0.65,0.1,0.07
1422,0.45,0.07,0.04
1423,0.25,0.04,0.01
1424,0.2,0.03,0.0
1425,0.6000000000000001,0.09,0.07
1426,0.4,0.06,0.04
1427,0.2,0.03,0.01
1428,0.15000000000000002,0.02,0.0
1429,0.65,0.09,0.09
1430,0.55,0.08,0.07
1431,0.45,0.06,0.06
1432,0.35000000000000003,0.05,0.04
1433,0.25,0.03,0.03
1434,0.15000000000000002,0.02,0.01
1435,0.1,0.01,0.0
1436,0.55,0.0,0.1
1437,0.55,0.01,0.1
1438,0.5,0.0,0.09
1439,0.5,0.01,0.09
1440,0.45,0.0,0.08
1441,0.45,0.01,0.08
1442,0.4,0.0,0.07
1443,0.6000000000000001,0.04,0.1
1444,0.4,0.01,0.07
1445,0.35000000000000003,0.0,0.06
1446,0.55,0.04,0.09
1447,0.35000000000000003,0.01,0.06
1448,0.30000000000000004,0.0,0.05
1449,0.5,0.04,0.08
1450,0.30000000000000004,0.01,0.05
1451,0.25,0.0,0.04
1452,0.65,0.07,0.1
1453,0.45,0.04,0.07
1454,0.25,0.01,0.04
1455,0.2,0.0,0.03
1456,0.6000000000000001,0.07,0.09
1457,0.4,0.04,0.06
1458,0.2,0.01,0.03
1459,0.15000000000000002,0.0,0.02
1460,0.55,0.07,0.08
1461,0.35000000000000003,0.04,0.05
1462,0.15000000000000002,0.01,0.02
1463,0.1,0.0,0.01
1464,0.55,0.1,0.02
1465,0.5,0.09,0.02
1466,0.45,0.08,0.02
1467,0.6000000000000001,0.1,0.05
1468,0.4,0.07,0.02
1469,0.55,0.09,0.05
1470,0.35000000000000003,0.06,0.02
1471,0.5,0.08,0.05
1472,0.30000000000000004,0.05,0.02
1473,0.65,0.1,0.08
1474,0.45,0.07,0.05
1475,0.25,0.04,0.02
1476,0.7000000000000001,0.1,0.1
1477,0.6000000000000001,0.09,0.08
1478,0.5,0.07,0.07
1479,0.4,0.06,0.05
1480,0.30000000000000004,0.04,0.04
1481,0.2,0.03,0.02
1482,0.1,0.01,0.01
1483,0.55,0.02,0.1
1484,0.5,0.02,0.09
1485,0.45,0.02,0.08
1486,0.6000000000000001,0.05,0.1
1487,0.4,0.02,0.07
1488,0.55,0.05,0.09
1489,0.35000000000000003,0.02,0.06
1490,0.5,0.05,0.08
1491,0.30000000000000004,0.02,0.05
1492,0.65,0.08,0.1
1493,0.45,0.05,0.07
1494,0.25,0.02,0.04
1495,0.6000000000000001,0.08,0.09
1496,0.4,0.05,0.06
1497,0.2,0.02,0.03
1498,0.55,0.1,0.03
1499,0.5,0.09,0.03
1500,0.45,0.08,0.03
1501,0.6000000000000001,0.1,0.06
1502,0.4,0.07,0.03
1503,0.55,0.09,0.06
1504,0.35000000000000003,0.06,0.03
1505,0.5,0.08,0.06
1506,0.30000000000000004,0.05,0.03
1507,0.65,0.1,0.09
1508,0.55,0.08,0.08
1509,0.45,0.07,0.06
1510,0.35000000000000003,0.05,0.05
1511,0.25,0.04,0.03
1512,0.15000000000000002,0.02,0.02
1513,0.05,0.0,0.0
1514,0.55,0.03,0.1
1515,0.5,0.03,0.09
1516,0.45,0.03,0.08
1517,0.6000000000000001,0.06,0.1
1518,0.4,0.03,0.07
1519,0.55,0.06,0.09
1520,0.35000000000000003,0.03,0.06
1521,0.5,0.06,0.08
1522,0.30000000000000004,0.03,0.05
1523,0.65,0.09,0.1
1524,0.45,0.06,0.07
1525,0.25,0.03,0.04
1526,0.5,0.1,0.0
1527,0.5,0.1,0.01
1528,0.45,0.09,0.0
1529,0.45,0.09,0.01
1530,0.4,0.08,0.0
1531,0.4,0.08,0.01
1532,0.35000000000000003,0.07,0.0
1533,0.55,0.1,0.04
1534,0.35000000000000003,0.07,0.01
1535,0.30000000000000004,0.06,0.0
1536,0.5,0.09,0.04
1537,0.30000000000000004,0.06,0.01
1538,0.25,0.05,0.0
1539,0.45,0.08,0.04
1540,0.25,0.05,0.01
1541,0.2,0.04,0.0
1542,0.6000000000000001,0.1,0.07
1543,0.4,0.07,0.04
1544,0.2,0.04,0.01
1545,0.15000000000000002,0.03,0.0
1546,0.55,0.09,0.07
1547,0.35000000000000003,0.06,0.04
1548,0.15000000000000002,0.03,0.01
1549,0.1,0.02,0.0
1550,0.6000000000000001,0.09,0.09
1551,0.5,0.08,0.07
1552,0.4,0.06,0.06
1553,0.30000000000000004,0.05,0.04
1554,0.2,0.03,0.03
1555,0.1,0.02,0.01
1556,0.05,0.01,0.0
1557,0.5,0.0,0.1
1558,0.5,0.01,0.1
1559,0.45,0.0,0.09
1560,0.45,0.01,0.09
1561,0.4,0.0,0.08
1562,0.4,0.01,0.08
1563,0.35000000000000003,0.0,0.07
1564,0.55,0.04,0.1
1565,0.35000000000000003,0.01,0.07
1566,0.30000000000000004,0.0,0.06
1567,0.5,0.04,0.09
1568,0.30000000000000004,0.01,0.06
1569,0.25,0.0,0.05
1570,0.45,0.04,0.08
1571,0.25,0.01,0.05
1572,0.2,0.0,0.04
1573,0.6000000000000001,0.07,0.1
1574,0.4,0.04,0.07
1575,0.2,0.01,0.04
1576,0.15000000000000002,0.0,0.03
1577,0.55,0.07,0.09
1578,0.35000000000000003,0.04,0.06
1579,0.15000000000000002,0.01,0.03
1580,0.1,0.0,0.02
1581,0.5,0.07,0.08
1582,0.30000000000000004,0.04,0.05
1583,0.1,0.01,0.02
1584,0.05,0.0,0.01
1585,0.5,0.1,0.02
1586,0.45,0.09,0.02
1587,0.4,0.08,0.02
1588,0.55,0.1,0.05
1589,0.35000000000000003,0.07,0.02
1590,0.5,0.09,0.05
1591,0.30000000000000004,0.06,0.02
1592,0.45,0.08,0.05
1593,0.25,0.05,0.02
1594,0.6000000000000001,0.1,0.08
1595,0.4,0.07,0.05
1596,0.2,0.04,0.02
1597,0.65,0.1,0.1
1598,0.55,0.09,0.08
1599,0.45,0.07,0.07
1600,0.35000000000000003,0.06,0.05
1601,0.25,0.04,0.04
1602,0.15000000000000002,0.03,0.02
1603,0.05,0.01,0.01
1604,0.5,0.02,0.1
1605,0.45,0.02,0.09
1606,0.4,0.02,0.08
1607,0.55,0.05,0.1
1608,0.35000000000000003,0.02,0.07
1609,0.5,0.05,0.09
1610,0.30000000000000004,0.02,0.06
1611,0.45,0.05,0.08
1612,0.25,0.02,0.05
1613,0.6000000000000001,0.08,0.1
1614,0.4,0.05,0.07
1615,0.2,0.02,0.04
1616,0.55,0.08,0.09
1617,0.35000000000000003,0.05,0.06
1618,0.15000000000000002,0.02,0.03
1619,0.5,0.1,0.03
1620,0.45,0.09,0.03
1621,0.4,0.08,0.03
1622,0.55,0.1,0.06
1623,0.35000000000000003,0.07,0.03
1624,0.5,0.09,0.06
1625,0.30000000000000004,0.06,0.03
1626,0.45,0.08,0.06
1627,0.25,0.05,0.03
1628,0.6000000000000001,0.1,0.09
1629,0.5,0.08,0.08
1630,0.4,0.07,0.06
1631,0.30000000000000004,0.05,0.05
1632,0.2,0.04,0.03
1633,0.1,0.02,0.02
1634,0.0,0.0,0.0
1635,0.5,0.03,0.1
1636,0.45,0.03,0.09
1637,0.4,0.03,0.08
1638,0.55,0.06,0.1
1639,0.35000000000000003,0.03,0.07
1640,0.5,0.06,0.09
1641,0.30000000000000004,0.03,0.06
1642,0.45,0.06,0.08
1643,0.25,0.03,0.05
1644,0.6000000000000001,0.09,0.1
1645,0.4,0.06,0.07
1646,0.2,0.03,0.04
1647,0.45,0.1,0.0
1648,0.45,0.1,0.01
1649,0.4,0.09,0.0
1650,0.4,0.09,0.01
1651,0.35000000000000003,0.08,0.0
1652,0.35000000000000003,0.08,0.01
1653,0.30000000000000004,0.07,0.0
1654,0.5,0.1,0.04
1655,0.30000000000000004,0.07,0.01
1656,0.25,0.06,0.0
1657,0.45,0.09,0.04
1658,0.25,0.06,0.01
1659,0.2,0.05,0.0
1660,0.4,0.08,0.04
1661,0.2,0.05,0.01
1662,0.15000000000000002,0.04,0.0
1663,0.55,0.1,0.07
1664,0.35000000000000003,0.07,0.04
1665,0.15000000000000002,0.04,0.01
1666,0.1,0.03,0.0
1667,0.5,0.09,0.07
1668,0.30000000000000004,0.06,0.04
1669,0.1,0.03,0.01
1670,0.05,0.02,0.0
1671,0.55,0.09,0.09
1672,0.45,0.08,0.07
1673,0.35000000000000003,0.06,0.06
1674,0.25,0.05,0.04
1675,0.15000000000000002,0.03,0.03
1676,0.05,0.02,0.01
1677,0.0,0.01,0.0
1678,0.45,0.0,0.1
1679,0.45,0.01,0.1
1680,0.4,0.0,0.09
1681,0.4,0.01,0.09
1682,0.35000000000000003,0.0,0.08
1683,0.35000000000000003,0.01,0.08
1684,0.30000000000000004,0.0,0.07
1685,0.5,0.04,0.1
1686,0.30000000000000004,0.01,0.07
1687,0.25,0.0,0.06
1688,0.45,0.04,0.09
1689,0.25,0.01,0.06
1690,0.2,0.0,0.05
1691,0.4,0.04,0.08
1692,0.2,0.01,0.05
1693,0.15000000000000002,0.0,0.04
1694,0.55,0.07,0.1
1695,0.35000000000000003,0.04,0.07
1696,0.15000000000000002,0.01,0.04
1697,0.1,0.0,0.03
1698,0.5,0.07,0.09
1699,0.30000000000000004,0.04,0.06
1700,0.1,0.01,0.03
1701,0.05,0.0,0.02
1702,0.45,0.07,0.08
1703,0.25,0.04,0.05
1704,0.05,0.01,0.02
1705,0.0,0.0,0.01
1706,0.45,0.1,0.02
1707,0.4,0.09,0.02
1708,0.35000000000000003,0.08,0.02
1709,0.5,0.1,0.05
1710,0.30000000000000004,0.07,0.02
1711,0.45,0.09,0.05
1712,0.25,0.06,0.02
1713,0.4,0.08,0.05
1714,0.2,0.05,0.02
1715,0.55,0.1,0.08
1716,0.35000000000000003,0.07,0.05
1717,0.15000000000000002,0.04,0.02
1718,0.6000000000000001,0.1,0.1
1719,0.5,0.09,0.08
1720,0.4,0.07,0.07
1721,0.30000000000000004,0.06,0.05
1722,0.2,0.04,0.04
1723,0.1,0.03,0.02
1724,0.0,0.01,0.01
1725,0.45,0.02,0.1
1726,0.4,0.02,0.09
1727,0.35000000000000003,0.02,0.08
1728,0.5,0.05,0.1
1729,0.30000000000000004,0.02,0.07
1730,0.45,0.05,0.09
1731,0.25,0.02,0.06
1732,0.4,0.05,0.08
1733,0.2,0.02,0.05
1734,0.55,0.08,0.1
1735,0.35000000000000003,0.05,0.07
1736,0.15000000000000002,0.02,0.04
1737,0.5,0.08,0.09
1738,0.30000000000000004,0.05,0.06
1739,0.1,0.02,0.03
1740,0.45,0.1,0.03
1741,0.4,0.09,0.03
1742,0.35000000000000003,0.08,0.03
1743,0.5,0.1,0.06
1744,0.30000000000000004,0.07,0.03
1745,0.45,0.09,0.06
1746,0.25,0.06,0.03
1747,0.4,0.08,0.06
1748,0.2,0.05,0.03
1749,0.55,0.1,0.09
1750,0.45,0.08,0.08
1751,0.35000000000000003,0.07,0.06
1752,0.25,0.05,0.05
1753,0.15000000000000002,0.04,0.03
1754,0.05,0.02,0.02
1755,0.45,0.03,0.1
1756,0.4,0.03,0.09
1757,0.35000000000000003,0.03,0.08
1758,0.5,0.06,0.1
1759,0.30000000000000004,0.03,0.07
1760,0.45,0.06,0.09
1761,0.25,0.03,0.06
1762,0.4,0.06,0.08
1763,0.2,0.03,0.05
1764,0.55,0.09,0.1
1765,0.35000000000000003,0.06,0.07
1766,0.15000000000000002,0.03,0.04
1767,0.4,0.1,0.0
1768,0.4,0.1,0.01
1769,0.35000000000000003,0.09,0.0
1770,0.35000000000000003,0.09,0.01
1771,0.30000000000000004,0.08,0.0
1772,0.30000000000000004,0.08,0.01
1773,0.25,0.07,0.0
1774,0.45,0.1,0.04
1775,0.25,0.07,0.01
1776,0.2,0.06,0.0
1777,0.4,0.09,0.04
1778,0.2,0.06,0.01
1779,0.15000000000000002,0.05,0.0
1780,0.35000000000000003,0.08,0.04
1781,0.15000000000000002,0.05,0.01
1782,0.1,0.04,0.0
1783,0.5,0.1,0.07
1784,0.30000000000000004,0.07,0.04
1785,0.1,0.04,0.01
1786,0.05,0.03,0.0
1787,0.45,0.09,0.07
1788,0.25,0.06,0.04
1789,0.05,0.03,0.01
1790,0.0,0.02,0.0
1791,0.5,0.09,0.09
1792,0.4,0.08,0.07
1793,0.30000000000000004,0.06,0.06
1794,0.2,0.05,0.04
1795,0.1,0.03,0.03
1796,0.0,0.02,0.01
1797,0.4,0.0,0.1
1798,0.4,0.01,0.1
1799,0.35000000000000003,0.0,0.09
1800,0.35000000000000003,0.01,0.09
1801,0.30000000000000004,0.0,0.08
1802,0.30000000000000004,0.01,0.08
1803,0.25,0.0,0.07
1804,0.45,0.04,0.1
1805,0.25,0.01,0.07
1806,0.2,0.0,0.06
1807,0.4,0.04,0.09
1808,0.2,0.01,0.06
1809,0.15000000000000002,0.0,0.05
1810,0.35000000000000003,0.04,0.08
1811,0.15000000000000002,0.01,0.05
1812,0.1,0.0,0.04
1813,0.5,0.07,0.1
1814,0.30000000000000004,0.04,0.07
1815,0.1,0.01,0.04
1816,0.05,0.0,0.03
1817,0.45,0.07,0.09
1818,0.25,0.04,0.06
1819,0.05,0.01,0.03
1820,0.0,0.0,0.02
1821,0.4,0.07,0.08
1822,0.2,0.04,0.05
1823,0.0,0.01,0.02
1824,0.4,0.1,0.02
1825,0.35000000000000003,0.09,0.02
1826,0.30000000000000004,0.08,0.02
1827,0.45,0.1,0.05
1828,0.25,0.07,0.02
1829,0.4,0.09,0.05
1830,0.2,0.06,0.02
1831,0.35000000000000003,0.08,0.05
1832,0.15000000000000002,0.05,0.02
1833,0.5,0.1,0.08
1834,0.30000000000000004,0.07,0.05
1835,0.1,0.04,0.02
1836,0.55,0.1,0.1
1837,0.45,0.09,0.08
1838,0.35000000000000003,0.07,0.07
1839,0.25,0.06,0.05
1840,0.15000000000000002,0.04,0.04
1841,0.05,0.03,0.02
1842,0.4,0.02,0.1
1843,0.35000000000000003,0.02,0.09
1844,0.30000000000000004,0.02,0.08
1845,0.45,0.05,0.1
1846,0.25,0.02,0.07
1847,0.4,0.05,0.09
1848,0.2,0.02,0.06
1849,0.35000000000000003,0.05,0.08
1850,0.15000000000000002,0.02,0.05
1851,0.5,0.08,0.1
1852,0.30000000000000004,0.05,0.07
1853,0.1,0.02,0.04
1854,0.45,0.08,0.09
1855,0.25,0.05,0.06
1856,0.05,0.02,0.03
1857,0.4,0.1,0.03
1858,0.35000000000000003,0.09,0.03
1859,0.30000000000000004,0.08,0.03
1860,0.45,0.1,0.06
1861,0.25,0.07,0.03
1862,0.4,0.09,0.06
1863,0.2,0.06,0.03
1864,0.35000000000000003,0.08,0.06
1865,0.15000000000000002,0.05,0.03
1866,0.5,0.1,0.09
1867,0.4,0.08,0.08
1868,0.30000000000000004,0.07,0.06
1869,0.2,0.05,0.05
1870,0.1,0.04,0.03
1871,0.0,0.02,0.02
1872,0.4,0.03,0.1
1873,0.35000000000000003,0.03,0.09
1874,0.30000000000000004,0.03,0.08
1875,0.45,0.06,0.1
1876,0.25,0.03,0.07
1877,0.4,0.06,0.09
1878,0.2,0.03,0.06
1879,0.35000000000000003,0.06,0.08
1880,0.15000000000000002,0.03,0.05
1881,0.5,0.09,0.1
1882,0.30000000000000004,0.06,0.07
1883,0.1,0.03,0.04
1884,0.35000000000000003,0.1,0.0
1885,0.35000000000000003,0.1,0.01
1886,0.30000000000000004,0.09,0.0
1887,0.30000000000000004,0.09,0.01
1888,0.25,0.08,0.0
1889,0.25,0.08,0.01
1890,0.2,0.07,0.0
1891,0.4,0.1,0.04
1892,0.2,0.07,0.01
1893,0.15000000000000002,0.06,0.0
1894,0.35000000000000003,0.09,0.04
1895,0.15000000000000002,0.06,0.01
1896,0.1,0.05,0.0
1897,0.30000000000000004,0.08,0.04
1898,0.1,0.05,0.01
1899,0.05,0.04,0.0
1900,0.45,0.1,0.07
1901,0.25,0.07,0.04
1902,0.05,0.04,0.01
1903,0.0,0.03,0.0
1904,0.4,0.09,0.07
1905,0.2,0.06,0.04
1906,0.0,0.03,0.01
1907,0.45,0.09,0.09
1908,0.35000000000000003,0.08,0.07
1909,0.25,0.06,0.06
1910,0.15000000000000002,0.05,0.04
1911,0.05,0.03,0.03
1912,0.35000000000000003,0.0,0.1
1913,0.35000000000000003,0.01,0.1
1914,0.30000000000000004,0.0,0.09
1915,0.30000000000000004,0.01,0.09
1916,0.25,0.0,0.08
1917,0.25,0.01,0.08
1918,0.2,0.0,0.07
1919,0.4,0.04,0.1
1920,0.2,0.01,0.07
1921,0.15000000000000002,0.0,0.06
1922,0.35000000000000003,0.04,0.09
1923,0.15000000000000002,0.01,0.06
1924,0.1,0.0,0.05
1925,0.30000000000000004,0.04,0.08
1926,0.1,0.01,0.05
1927,0.05,0.0,0.04
1928,0.45,0.07,0.1
1929,0.25,0.04,0.07
1930,0.05,0.01,0.04
1931,0.0,0.0,0.03
1932,0.4,0.07,0.09
1933,0.2,0.04,0.06
1934,0.0,0.01,0.03
1935,0.35000000000000003,0.07,0.08
1936,0.15000000000000002,0.04,0.05
1937,0.35000000000000003,0.1,0.02
1938,0.30000000000000004,0.09,0.02
1939,0.25,0.08,0.02
1940,0.4,0.1,0.05
1941,0.2,0.07,0.02
1942,0.35000000000000003,0.09,0.05
1943,0.15000000000000002,0.06,0.02
1944,0.30000000000000004,0.08,0.05
1945,0.1,0.05,0.02
1946,0.45,0.1,0.08
1947,0.25,0.07,0.05
1948,0.05,0.04,0.02
1949,0.5,0.1,0.1
1950,0.4,0.09,0.08
1951,0.30000000000000004,0.07,0.07
1952,0.2,0.06,0.05
1953,0.1,0.04,0.04
1954,0.0,0.03,0.02
1955,0.35000000000000003,0.02,0.1
1956,0.30000000000000004,0.02,0.09
1957,0.25,0.02,0.08
1958,0.4,0.05,0.1
1959,0.2,0.02,0.07
1960,0.35000000000000003,0.05,0.09
1961,0.15000000000000002,0.02,0.06
1962,0.30000000000000004,0.05,0.08
1963,0.1,0.02,0.05
1964,0.45,0.08,0.1
1965,0.25,0.05,0.07
1966,0.05,0.02,0.04
1967,0.4,0.08,0.09
1968,0.2,0.05,0.06
1969,0.0,0.02,0.03
1970,0.35000000000000003,0.1,0.03
1971,0.30000000000000004,0.09,0.03
1972,0.25,0.08,0.03
1973,0.4,0.1,0.06
1974,0.2,0.07,0.03
1975,0.35000000000000003,0.09,0.06
1976,0.15000000000000002,0.06,0.03
1977,0.30000000000000004,0.08,0.06
1978,0.1,0.05,0.03
1979,0.45,0.1,0.09
1980,0.35000000000000003,0.08,0.08
1981,0.25,0.07,0.06
1982,0.15000000000000002,0.05,0.05
1983,0.05,0.04,0.03
1984,0.35000000000000003,0.03,0.1
1985,0.30000000000000004,0.03,0.09
1986,0.25,0.03,0.08
1987,0.4,0.06,0.1
1988,0.2,0.03,0.07
1989,0.35000000000000003,0.06,0.09
1990,0.15000000000000002,0.03,0.06
1991,0.30000000000000004,0.06,0.08
1992,0.1,0.03,0.05
1993,0.45,0.09,0.1
1994,0.25,0.06,0.07
1995,0.05,0.03,0.04
1996,0.30000000000000004,0.1,0.0
1997,0.30000000000000004,0.1,0.01
1998,0.25,0.09,0.0
1999,0.25,0.09,0.01
2000,0.2,0.08,0.0
2001,0.2,0.08,0.01
2002,0.15000000000000002,0.07,0.0
2003,0.35000000000000003,0.1,0.04
2004,0.15000000000000002,0.07,0.01
2005,0.1,0.06,0.0
2006,0.30000000000000004,0.09,0.04
2007,0.1,0.06,0.01
2008,0.05,0.05,0.0
2009,0.25,0.08,0.04
2010,0.05,0.05,0.01
2011,0.0,0.04,0.0
2012,0.4,0.1,0.07
2013,0.2,0.07,0.04
2014,0.0,0.04,0.01
2015,0.35000000000000003,0.09,0.07
2016,0.15000000000000002,0.06,0.04
2017,0.4,0.09,0.09
2018,0.30000000000000004,0.08,0.07
2019,0.2,0.06,0.06
2020,0.1,0.05,0.04
2021,0.0,0.03,0.03
2022,0.30000000000000004,0.0,0.1
2023,0.30000000000000004,0.01,0.1
2024,0.25,0.0,0.09
2025,0.25,0.01,0.09
2026,0.2,0.0,0.08
2027,0.2,0.01,0.08
2028,0.15000000000000002,0.0,0.07
2029,0.35000000000000003,0.04,0.1
2030,0.15000000000000002,0.01,0.07
2031,0.1,0.0,0.06
2032,0.30000000000000004,0.04,0.09
2033,0.1,0.01,0.06
2034,0.05,0.0,0.05
2035,0.25,0.04,0.08
2036,0.05,0.01,0.05
2037,0.0,0.0,0.04
2038,0.4,0.07,0.1
2039,0.2,0.04,0.07
2040,0.0,0.01,0.04
2041,0.35000000000000003,0.07,0.09
2042,0.15000000000000002,0.04,0.06
2043,0.30000000000000004,0.07,0.08
2044,0.1,0.04,0.05
2045,0.30000000000000004,0.1,0.02
2046,0.25,0.09,0.02
2047,0.2,0.08,0.02
2048,0.35000000000000003,0.1,0.05
2049,0.15000000000000002,0.07,0.02
2050,0.30000000000000004,0.09,0.05
2051,0.1,0.06,0.02
2052,0.25,0.08,0.05
2053,0.05,0.05,0.02
2054,0.4,0.1,0.08
2055,0.2,0.07,0.05
2056,0.0,0.04,0.02
2057,0.45,0.1,0.1
2058,0.35000000000000003,0.09,0.08
2059,0.25,0.07,0.07
2060,0.15000000000000002,0.06,0.05
2061,0.05,0.04,0.04
2062,0.30000000000000004,0.02,0.1
2063,0.25,0.02,0.09
2064,0.2,0.02,0.08
2065,0.35000000000000003,0.05,0.1
2066,0.15000000000000002,0.02,0.07
2067,0.30000000000000004,0.05,0.09
2068,0.1,0.02,0.06
2069,0.25,0.05,0.08
2070,0.05,0.02,0.05
2071,0.4,0.08,0.1
2072,0.2,0.05,0.07
2073,0.0,0.02,0.04
2074,0.35000000000000003,0.08,0.09
2075,0.15000000000000002,0.05,0.06
2076,0.30000000000000004,0.1,0.03
2077,0.25,0.09,0.03
2078,0.2,0.08,0.03
2079,0.35000000000000003,0.1,0.06
2080,0.15000000000000002,0.07,0.03
2081,0.30000000000000004,0.09,0.06
2082,0.1,0.06,0.03
2083,0.25,0.08,0.06
2084,0.05,0.05,0.03
2085,0.4,0.1,0.09
2086,0.30000000000000004,0.08,0.08
2087,0.2,0.07,0.06
2088,0.1,0.05,0.05
2089,0.0,0.04,0.03
2090,0.30000000000000004,0.03,0.1
2091,0.25,0.03,0.09
2092,0.2,0.03,0.08
2093,0.35000000000000003,0.06,0.1
2094,0.15000000000000002,0.03,0.07
2095,0.30000000000000004,0.06,0.09
2096,0.1,0.03,0.06
2097,0.25,0.06,0.08
2098,0.05,0.03,0.05
2099,0.4,0.09,0.1
2100,0.2,0.06,0.07
2101,0.0,0.03,0.04
2102,0.25,0.1,0.0
2103,0.25,0.1,0.01
2104,0.2,0.09,0.0
2105,0.2,0.09,0.01
2106,0.15000000000000002,0.08,0.0
2107,0.15000000000000002,0.08,0.01
2108,0.1,0.07,0.0
2109,0.30000000000000004,0.1,0.04
2110,0.1,0.07,0.01
2111,0.05,0.06,0.0
2112,0.25,0.09,0.04
2113,0.05,0.06,0.01
2114,0.0,0.05,0.0
2115,0.2,0.08,0.04
2116,0.0,0.05,0.01
2117,0.35000000000000003,0.1,0.07
2118,0.15000000000000002,0.07,0.04
2119,0.30000000000000004,0.09,0.07
2120,0.1,0.06,0.04
2121,0.35000000000000003,0.09,0.09
2122,0.25,0.08,0.07
2123,0.15000000000000002,0.06,0.06
2124,0.05,0.05,0.04
2125,0.25,0.0,0.1
2126,0.25,0.01,0.1
2127,0.2,0.0,0.09
2128,0.2,0.01,0.09
2129,0.15000000000000002,0.0,0.08
2130,0.15000000000000002,0.01,0.08
2131,0.1,0.0,0.07
2132,0.30000000000000004,0.04,0.1
2133,0.1,0.01,0.07
2134,0.05,0.0,0.06
2135,0.25,0.04,0.09
2136,0.05,0.01,0.06
2137,0.0,0.0,0.05
2138,0.2,0.04,0.08
2139,0.0,0.01,0.05
2140,0.35000000000000003,0.07,0.1
2141,0.15000000000000002,0.04,0.07
2142,0.30000000000000004,0.07,0.09
2143,0.1,0.04,0.06
2144,0.25,0.07,0.08
2145,0.05,0.04,0.05
2146,0.25,0.1,0.02
2147,0.2,0.09,0.02
2148,0.15000000000000002,0.08,0.02
2149,0.30000000000000004,0.1,0.05
2150,0.1,0.07,0.02
2151,0.25,0.09,0.05
2152,0.05,0.06,0.02
2153,0.2,0.08,0.05
2154,0.0,0.05,0.02
2155,0.35000000000000003,0.1,0.08
2156,0.15000000000000002,0.07,0.05
2157,0.4,0.1,0.1
2158,0.30000000000000004,0.09,0.08
2159,0.2,0.07,0.07
2160,0.1,0.06,0.05
2161,0.0,0.04,0.04
2162,0.25,0.02,0.1
2163,0.2,0.02,0.09
2164,0.15000000000000002,0.02,0.08
2165,0.30000000000000004,0.05,0.1
2166,0.1,0.02,0.07
2167,0.25,0.05,0.09
2168,0.05,0.02,0.06
2169,0.2,0.05,0.08
2170,0.0,0.02,0.05
2171,0.35000000000000003,0.08,0.1
2172,0.15000000000000002,0.05,0.07
2173,0.30000000000000004,0.08,0.09
2174,0.1,0.05,0.06
2175,0.25,0.1,0.03
2176,0.2,0.09,0.03
2177,0.15000000000000002,0.08,0.03
2178,0.30000000000000004,0.1,0.06
2179,0.1,0.07,0.03
2180,0.25,0.09,0.06
2181,0.05,0.06,0.03
2182,0.2,0.08,0.06
2183,0.0,0.05,0.03
2184,0.35000000000000003,0.1,0.09
2185,0.25,0.08,0.08
2186,0.15000000000000002,0.07,0.06
2187,0.05,0.05,0.05
2188,0.25,0.03,0.1
2189,0.2,0.03,0.09
2190,0.15000000000000002,0.03,0.08
2191,0.30000000000000004,0.06,0.1
2192,0.1,0.03,0.07
2193,0.25,0.06,0.09
2194,0.05,0.03,0.06
2195,0.2,0.06,0.08
2196,0.0,0.03,0.05
2197,0.35000000000000003,0.09,0.1
2198,0.15000000000000002,0.06,0.07
2199,0.2,0.1,0.0
2200,0.2,0.1,0.01
2201,0.15000000000000002,0.09,0.0
2202,0.15000000000000002,0.09,0.01
2203,0.1,0.08,0.0
2204,0.1,0.08,0.01
2205,0.05,0.07,0.0
2206,0.25,0.1,0.04
2207,0.05,0.07,0.01
2208,0.0,0.06,0.0
2209,0.2,0.09,0.04
2210,0.0,0.06,0.01
2211,0.15000000000000002,0.08,0.04
2212,0.30000000000000004,0.1,0.07
2213,0.1,0.07,0.04
2214,0.25,0.09,0.07
2215,0.05,0.06,0.04
2216,0.30000000000000004,0.09,0.09
2217,0.2,0.08,0.07
2218,0.1,0.06,0.06
2219,0.0,0.05,0.04
2220,0.2,0.0,0.1
2221,0.2,0.01,0.1
2222,0.15000000000000002,0.0,0.09
2223,0.15000000000000002,0.01,0.09
2224,0.1,0.0,0.08
2225,0.1,0.01,0.08
2226,0.05,0.0,0.07
2227,0.25,0.04,0.1
2228,0.05,0.01,0.07
2229,0.0,0.0,0.06
2230,0.2,0.04,0.09
2231,0.0,0.01,0.06
2232,0.15000000000000002,0.04,0.08
2233,0.30000000000000004,0.07,0.1
2234,0.1,0.04,0.07
2235,0.25,0.07,0.09
2236,0.05,0.04,0.06
2237,0.2,0.07,0.08
2238,0.0,0.04,0.05
2239,0.2,0.1,0.02
2240,0.15000000000000002,0.09,0.02
2241,0.1,0.08,0.02
2242,0.25,0.1,0.05
2243,0.05,0.07,0.02
2244,0.2,0.09,0.05
2245,0.0,0.06,0.02
2246,0.15000000000000002,0.08,0.05
2247,0.30000000000000004,0.1,0.08
2248,0.1,0.07,0.05
2249,0.35000000000000003,0.1,0.1
2250,0.25,0.09,0.08
2251,0.15000000000000002,0.07,0.07
2252,0.05,0.06,0.05
2253,0.2,0.02,0.1
2254,0.15000000000000002,0.02,0.09
2255,0.1,0.02,0.08
2256,0.25,0.05,0.1
2257,0.05,0.02,0.07
2258,0.2,0.05,0.09
2259,0.0,0.02,0.06
2260,0.15000000000000002,0.05,0.08
2261,0.30000000000000004,0.08,0.1
2262,0.1,0.05,0.07
2263,0.25,0.08,0.09
2264,0.05,0.05,0.06
2265,0.2,0.1,0.03
2266,0.15000000000000002,0.09,0.03
2267,0.1,0.08,0.03
2268,0.25,0.1,0.06
2269,0.05,0.07,0.03
2270,0.2,0.09,0.06
2271,0.0,0.06,0.03
2272,0.15000000000000002,0.08,0.06
2273,0.30000000000000004,0.1,0.09
2274,0.2,0.08,0.08
2275,0.1,0.07,0.06
2276,0.0,0.05,0.05
2277,0.2,0.03,0.1
2278,0.15000000000000002,0.03,0.09
2279,0.1,0.03,0.08
2280,0.25,0.06,0.1
2281,0.05,0.03,0.07
2282,0.2,0.06,0.09
2283,0.0,0.03,0.06
2284,0.15000000000000002,0.06,0.08
2285,0.30000000000000004,0.09,0.1
2286,0.1,0.06,0.07
2287,0.15000000000000002,0.1,0.0
2288,0.15000000000000002,0.1,0.01
2289,0.1,0.09,0.0
2290,0.1,0.09,0.01
2291,0.05,0.08,0.0
2292,0.05,0.08,0.01
2293,0.0,0.07,0.0
2294,0.2,0.1,0.04
2295,0.0,0.07,0.01
2296,0.15000000000000002,0.09,0.04
2297,0.1,0.08,0.04
2298,0.25,0.1,0.07
2299,0.05,0.07,0.04
2300,0.2,0.09,0.07
2301,0.0,0.06,0.04
2302,0.25,0.09,0.09
2303,0.15000000000000002,0.08,0.07
2304,0.05,0.06,0.06
2305,0.15000000000000002,0.0,0.1
2306,0.15000000000000002,0.01,0.1
2307,0.1,0.0,0.09
2308,0.1,0.01,0.09
2309,0.05,0.0,0.08
2310,0.05,0.01,0.08
2311,0.0,0.0,0.07
2312,0.2,0.04,0.1
2313,0.0,0.01,0.07
2314,0.15000000000000002,0.04,0.09
2315,0.1,0.04,0.08
2316,0.25,0.07,0.1
2317,0.05,0.04,0.07
2318,0.2,0.07,0.09
2319,0.0,0.04,0.06
2320,0.15000000000000002,0.07,0.08
2321,0.15000000000000002,0.1,0.02
2322,0.1,0.09,0.02
2323,0.05,0.08,0.02
2324,0.2,0.1,0.05
2325,0.0,0.07,0.02
2326,0.15000000000000002,0.09,0.05
2327,0.1,0.08,0.05
2328,0.25,0.1,0.08
2329,0.05,0.07,0.05
2330,0.30000000000000004,0.1,0.1
2331,0.2,0.09,0.08
2332,0.1,0.07,0.07
2333,0.0,0.06,0.05
2334,0.15000000000000002,0.02,0.1
2335,0.1,0.02,0.09
2336,0.05,0.02,0.08
2337,0.2,0.05,0.1
2338,0.0,0.02,0.07
2339,0.15000000000000002,0.05,0.09
2340,0.1,0.05,0.08
2341,0.25,0.08,0.1
2342,0.05,0.05,0.07
2343,0.2,0.08,0.09
2344,0.0,0.05,0.06
2345,0.15000000000000002,0.1,0.03
2346,0.1,0.09,0.03
2347,0.05,0.08,0.03
2348,0.2,0.1,0.06
2349,0.0,0.07,0.03
2350,0.15000000000000002,0.09,0.06
2351,0.1,0.08,0.06
2352,0.25,0.1,0.09
2353,0.15000000000000002,0.08,0.08
2354,0.05,0.07,0.06
2355,0.15000000000000002,0.03,0.1
2356,0.1,0.03,0.09
2357,0.05,0.03,0.08
2358,0.2,0.06,0.1
2359,0.0,0.03,0.07
2360,0.15000000000000002,0.06,0.09
2361,0.1,0.06,0.08
2362,0.25,0.09,0.1
2363,0.05,0.06,0.07
2364,0.1,0.1,0.0
2365,0.1,0.1,0.01
2366,0.05,0.09,0.0
2367,0.05,0.09,0.01
2368,0.0,0.08,0.0
2369,0.0,0.08,0.01
2370,0.15000000000000002,0.1,0.04
2371,0.1,0.09,0.04
2372,0.05,0.08,0.04
2373,0.2,0.1,0.07
2374,0.0,0.07,0.04
2375,0.15000000000000002,0.09,0.07
2376,0.2,0.09,0.09
2377,0.1,0.08,0.07
2378,0.0,0.06,0.06
2379,0.1,0.0,0.1
2380,0.1,0.01,0.1
2381,0.05,0.0,0.09
2382,0.05,0.01,0.09
2383,0.0,0.0,0.08
2384,0.0,0.01,0.08
2385,0.15000000000000002,0.04,0.1
2386,0.1,0.04,0.09
2387,0.05,0.04,0.08
2388,0.2,0.07,0.1
2389,0.0,0.04,0.07
2390,0.15000000000000002,0.07,0.09
2391,0.1,0.07,0.08
2392,0.1,0.1,0.02
2393,0.05,0.09,0.02
2394,0.0,0.08,0.02
2395,0.15000000000000002,0.1,0.05
2396,0.1,0.09,0.05
2397,0.05,0.08,0.05
2398,0.2,0.1,0.08
2399,0.0,0.07,0.05
2400,0.25,0.1,0.1
2401,0.15000000000000002,0.09,0.08
2402,0.05,0.07,0.07
2403,0.1,0.02,0.1
2404,0.05,0.02,0.09
2405,0.0,0.02,0.08
2406,0.15000000000000002,0.05,0.1
2407,0.1,0.05,0.09
2408,0.05,0.05,0.08
2409,0.2,0.08,0.1
2410,0.0,0.05,0.07
2411,0.15000000000000002,0.08,0.09
2412,0.1,0.1,0.03
2413,0.05,0.09,0.03
2414,0.0,0.08,0.03
2415,0.15000000000000002,0.1,0.06
2416,0.1,0.09,0.06
2417,0.05,0.08,0.06
2418,0.2,0.1,0.09
2419,0.1,0.08,0.08
2420,0.0,0.07,0.06
2421,0.1,0.03,0.1
2422,0.05,0.03,0.09
2423,0.0,0.03,0.08
2424,0.15000000000000002,0.06,0.1
2425,0.1,0.06,0.09
2426,0.05,0.06,0.08
2427,0.2,0.09,0.1
2428,0.0,0.06,0.07
2429,0.05,0.1,0.0
2430,0.05,0.1,0.01
2431,0.0,0.09,0.0
2432,0.0,0.09,0.01
2433,0.1,0.1,0.04
2434,0.05,0.09,0.04
2435,0.0,0.08,0.04
2436,0.15000000000000002,0.1,0.07
2437,0.1,0.09,0.07
2438,0.15000000000000002,0.09,0.09
2439,0.05,0.08,0.07
2440,0.05,0.0,0.1
2441,0.05,0.01,0.1
2442,0.0,0.0,0.09
2443,0.0,0.01,0.09
2444,0.1,0.04,0.1
2445,0.05,0.04,0.09
2446,0.0,0.04,0.08
2447,0.15000000000000002,0.07,0.1
2448,0.1,0.07,0.09
2449,0.05,0.07,0.08
2450,0.05,0.1,0.02
2451,0.0,0.09,0.02
2452,0.1,0.1,0.05
2453,0.05,0.09,0.05
2454,0.0,0.08,0.05
2455,0.15000000000000002,0.1,0.08
2456,0.2,0.1,0.1
2457,0.1,0.09,0.08
2458,0.0,0.07,0.07
2459,0.05,0.02,0.1
2460,0.0,0.02,0.09
2461,0.1,0.05,0.1
2462,0.05,0.05,0.09
2463,0.0,0.05,0.08
2464,0.15000000000000002,0.08,0.1
2465,0.1,0.08,0.09
2466,0.05,0.1,0.03
2467,0.0,0.09,0.03
2468,0.1,0.1,0.06
2469,0.05,0.09,0.06
2470,0.0,0.08,0.06
2471,0.15000000000000002,0.1,0.09
2472,0.05,0.08,0.08
2473,0.05,0.03,0.1
2474,0.0,0.03,0.09
2475,0.1,0.06,0.1
2476,0.05,0.06,0.09
2477,0.0,0.06,0.08
2478,0.15000000000000002,0.09,0.1
2479,0.0,0.1,0.0
2480,0.0,0.1,0.01
2481,0.05,0.1,0.04
2482,0.0,0.09,0.04
2483,0.1,0.1,0.07
2484,0.05,0.09,0.07
2485,0.1,0.09,0.09
2486,0.0,0.08,0.07
2487,0.0,0.0,0.1
2488,0.0,0.01,0.1
2489,0.05,0.04,0.1
2490,0.0,0.04,0.09
2491,0.1,0.07,0.1
2492,0.05,0.07,0.09
2493,0.0,0.07,0.08
2494,0.0,0.1,0.02
2495,0.05,0.1,0.05
2496,0.0,0.09,0.05
2497,0.1,0.1,0.08
2498,0.15000000000000002,0.1,0.1
2499,0.05,0.09,0.08
2500,0.0,0.02,0.1
2501,0.05,0.05,0.1
2502,0.0,0.05,0.09
2503,0.1,0.08,0.1
2504,0.05,0.08,0.09
2505,0.0,0.1,0.03
2506,0.05,0.1,0.06
2507,0.0,0.09,0.06
2508,0.1,0.1,0.09
2509,0.0,0.08,0.08
2510,0.0,0.03,0.1
2511,0.05,0.06,0.1
2512,0.0,0.06,0.09
2513,0.1,0.09,0.1
2514,0.0,0.1,0.04
2515,0.05,0.1,0.07
2516,0.0,0.09,0.07
2517,0.05,0.09,0.09
2518,0.0,0.04,0.1
2519,0.05,0.07,0.1
2520,0.0,0.07,0.09
2521,0.0,0.1,0.05
2522,0.05,0.1,0.08
2523,0.1,0.1,0.1
2524,0.0,0.09,0.08
2525,0.0,0.05,0.1
2526,0.05,0.08,0.1
2527,0.0,0.08,0.09
2528,0.0,0.1,0.06
2529,0.05,0.1,0.09
2530,0.0,0.06,0.1
2531,0.05,0.09,0.1
2532,0.0,0.1,0.07
2533,0.0,0.09,0.09
2534,0.0,0.07,0.1
2535,0.0,0.1,0.08
2536,0.05,0.1,0.1
2537,0.0,0.08,0.1
2538,0.0,0.1,0.09
2539,0.0,0.09,0.1
2540,0.0,0.1,0.1
