cell_id,node_0,node_1,node_2,node_3
0,0,1,2,3
1,0,1,3,4
2,0,2,5,3
3,0,4,3,6
4,5,2,7,3
5,0,5,8,3
6,6,4,3,9
7,0,8,6,3
8,5,2,10,7
9,5,3,7,8
10,11,0,5,8
11,6,4,9,12
12,6,3,8,9
13,11,0,8,6
14,5,10,13,7
15,8,3,7,14
16,5,15,8,7
17,11,5,16,8
18,6,12,9,17
19,8,3,14,9
20,6,8,18,9
21,11,6,8,19
22,13,10,20,7
23,5,13,15,7
24,8,7,15,14
25,16,5,15,8
26,11,16,21,8
27,17,12,9,22
28,6,18,17,9
29,8,9,14,18
30,19,6,8,18
31,11,21,19,8
32,13,10,23,20
33,13,7,20,15
34,16,5,13,15
35,15,7,24,14
36,8,15,25,14
37,16,8,15,21
38,26,11,16,21
39,17,12,22,27
40,17,9,18,22
41,19,6,18,17
42,18,9,14,28
43,8,25,18,14
44,19,8,21,18
45,26,11,21,19
46,13,23,29,20
47,15,7,20,24
48,13,30,15,20
49,16,13,31,15
50,15,14,24,25
51,21,8,15,25
52,16,32,21,15
53,26,16,33,21
54,17,27,22,34
55,18,9,28,22
56,17,18,35,22
57,19,17,18,36
58,18,14,25,28
59,21,8,25,18
60,19,21,37,18
61,26,19,21,38
62,29,23,39,20
63,13,29,30,20
64,15,20,30,24
65,31,13,30,15
66,16,31,32,15
67,25,14,24,40
68,15,41,25,24
69,21,15,32,25
70,33,16,32,21
71,26,33,42,21
72,34,27,22,43
73,17,35,34,22
74,18,22,28,35
75,36,17,18,35
76,19,37,36,18
77,25,14,40,28
78,18,25,44,28
79,21,18,25,37
80,38,19,21,37
81,26,42,38,21
82,29,23,45,39
83,29,20,39,30
84,31,13,29,30
85,30,20,46,24
86,15,30,41,24
87,31,15,30,32
88,33,16,31,32
89,25,24,41,40
90,32,15,41,25
91,21,32,47,25
92,33,21,32,42
93,48,26,33,42
94,34,27,43,49
95,34,22,35,43
96,36,17,35,34
97,35,22,28,50
98,18,44,35,28
99,36,18,37,35
100,38,19,37,36
101,25,28,40,44
102,37,18,25,44
103,21,47,37,25
104,38,21,42,37
105,48,26,42,38
106,29,45,51,39
107,30,20,39,46
108,29,52,30,39
109,31,29,53,30
110,30,24,46,41
111,32,15,30,41
112,31,54,32,30
113,33,31,55,32
114,41,24,56,40
115,25,41,57,40
116,32,25,41,47
117,42,21,32,47
118,33,58,42,32
119,48,33,59,42
120,34,49,43,60
121,35,22,50,43
122,34,35,61,43
123,36,34,35,62
124,35,28,44,50
125,37,18,44,35
126,36,37,63,35
127,38,36,37,64
128,44,28,40,65
129,25,57,44,40
130,37,25,47,44
131,42,21,47,37
132,38,42,66,37
133,48,38,42,67
134,51,45,68,39
135,29,51,52,39
136,30,39,52,46
137,53,29,52,30
138,31,53,54,30
139,41,24,46,56
140,30,69,41,46
141,32,30,54,41
142,55,31,54,32
143,33,55,58,32
144,41,40,56,57
145,47,25,41,57
146,32,70,47,41
147,42,32,58,47
148,59,33,58,42
149,48,59,71,42
150,60,49,43,72
151,34,61,60,43
152,35,43,50,61
153,62,34,35,61
154,36,63,62,35
155,44,28,65,50
156,35,44,73,50
157,37,35,44,63
158,64,36,37,63
159,38,66,64,37
160,44,40,57,65
161,47,25,57,44
162,37,47,74,44
163,42,37,47,66
164,67,38,42,66
165,48,71,67,42
166,51,45,75,68
167,51,39,68,52
168,53,29,51,52
169,52,39,76,46
170,30,52,69,46
171,53,30,52,54
172,55,31,53,54
173,41,46,69,56
174,54,30,69,41
175,32,54,70,41
176,55,32,54,58
177,59,33,55,58
178,57,40,56,77
179,41,78,57,56
180,47,41,70,57
181,58,32,70,47
182,42,58,79,47
183,59,42,58,71
184,80,48,59,71
185,60,49,72,81
186,60,43,61,72
187,62,34,61,60
188,61,43,50,82
189,35,73,61,50
190,62,35,63,61
191,64,36,63,62
192,44,50,65,73
193,63,35,44,73
194,37,74,63,44
195,64,37,66,63
196,67,38,66,64
197,57,40,77,65
198,44,57,83,65
199,47,44,57,74
200,66,37,47,74
201,42,79,66,47
202,67,42,71,66
203,80,48,71,67
204,51,75,84,68
205,52,39,68,76
206,51,85,52,68
207,53,51,86,52
208,52,46,76,69
209,54,30,52,69
210,53,87,54,52
211,55,53,88,54
212,69,46,89,56
213,41,69,78,56
214,54,41,69,70
215,58,32,54,70
216,55,90,58,54
217,59,55,91,58
218,57,56,78,77
219,70,41,78,57
220,47,70,92,57
221,58,47,70,79
222,71,42,58,79
223,59,93,71,58
224,80,59,94,71
225,60,81,72,95
226,61,43,82,72
227,60,61,96,72
228,62,60,61,97
229,61,50,73,82
230,63,35,73,61
231,62,63,98,61
232,64,62,63,99
233,73,50,65,100
234,44,83,73,65
235,63,44,74,73
236,66,37,74,63
237,64,66,101,63
238,67,64,66,102
239,57,65,77,83
240,74,44,57,83
241,47,92,74,57
242,66,47,79,74
243,71,42,79,66
244,67,71,103,66
245,80,67,71,104
246,51,84,85,68
247,52,68,85,76
248,86,51,85,52
249,53,86,87,52
250,69,46,76,89
251,52,105,69,76
252,54,52,87,69
253,88,53,87,54
254,55,88,90,54
255,69,56,89,78
256,70,41,69,78
257,54,106,70,69
258,58,54,90,70
259,91,55,90,58
260,59,91,93,58
261,78,56,107,77
262,57,78,108,77
263,70,57,78,92
264,79,47,70,92
265,58,109,79,70
266,71,58,93,79
267,94,59,93,71
268,80,94,110,71
269,95,81,72,111
270,60,96,95,72
271,61,72,82,96
272,97,60,61,96
273,62,98,97,61
274,73,50,100,82
275,61,73,112,82
276,63,61,73,98
277,99,62,63,98
278,64,101,99,63
279,73,65,83,100
280,74,44,83,73
281,63,74,113,73
282,66,63,74,101
283,102,64,66,101
284,67,103,102,66
285,83,65,77,114
286,57,108,83,77
287,74,57,92,83
288,79,47,92,74
289,66,79,115,74
290,71,66,79,103
291,104,67,71,103
292,80,110,104,71
293,86,51,84,85
294,52,85,105,76
295,86,52,85,87
296,88,53,86,87
297,69,76,105,89
298,87,52,105,69
299,54,87,106,69
300,88,54,87,90
301,91,55,88,90
302,78,56,89,107
303,69,116,78,89
304,70,69,106,78
305,90,54,106,70
306,58,90,109,70
307,91,58,90,93
308,94,59,91,93
309,78,77,107,108
310,92,57,78,108
311,70,117,92,78
312,79,70,109,92
313,93,58,109,79
314,71,93,118,79
315,94,71,93,110
316,119,80,94,110
317,95,81,111,120
318,95,72,96,111
319,97,60,96,95
320,96,72,82,121
321,61,112,96,82
322,97,61,98,96
323,99,62,98,97
324,73,82,100,112
325,98,61,73,112
326,63,113,98,73
327,99,63,101,98
328,102,64,101,99
329,83,65,114,100
330,73,83,122,100
331,74,73,83,113
332,101,63,74,113
333,66,115,101,74
334,102,66,103,101
335,104,67,103,102
336,83,77,108,114
337,92,57,108,83
338,74,92,123,83
339,79,74,92,115
340,103,66,79,115
341,71,118,103,79
342,104,71,110,103
343,119,80,110,104
344,86,84,124,85
345,87,52,85,105
346,86,125,87,85
347,88,86,126,87
348,69,105,116,89
349,87,69,105,106
350,90,54,87,106
351,88,127,90,87
352,91,88,128,90
353,78,89,116,107
354,106,69,116,78
355,70,106,117,78
356,90,70,106,109
357,93,58,90,109
358,91,129,93,90
359,94,91,130,93
360,108,77,107,131
361,78,132,108,107
362,92,78,117,108
363,109,70,117,92
364,79,109,133,92
365,93,79,109,118
366,110,71,93,118
367,94,134,110,93
368,119,94,135,110
369,95,120,111,136
370,96,72,121,111
371,95,96,137,111
372,97,95,96,138
373,96,82,112,121
374,98,61,112,96
375,97,98,139,96
376,99,97,98,140
377,112,82,100,141
378,73,122,112,100
379,98,73,113,112
380,101,63,113,98
381,99,101,142,98
382,102,99,101,143
383,83,100,114,122
384,113,73,83,122
385,74,123,113,83
386,101,74,115,113
387,103,66,115,101
388,102,103,144,101
389,104,102,103,145
390,108,77,131,114
391,83,108,146,114
392,92,83,108,123
393,115,74,92,123
394,79,133,115,92
395,103,79,118,115
396,110,71,118,103
397,104,110,147,103
398,119,104,110,148
399,86,124,125,85
400,87,85,125,105
401,126,86,125,87
402,88,126,127,87
403,106,69,105,116
404,87,149,106,105
405,90,87,127,106
406,128,88,127,90
407,91,128,129,90
408,78,116,132,107
409,106,78,116,117
410,109,70,106,117
411,90,150,109,106
412,93,90,129,109
413,130,91,129,93
414,94,130,134,93
415,108,107,132,131
416,117,78,132,108
417,92,117,151,108
418,109,92,117,133
419,118,79,109,133
420,93,152,118,109
421,110,93,134,118
422,135,94,134,110
423,119,135,153,110
424,136,120,111,154
425,95,137,136,111
426,96,111,121,137
427,138,95,96,137
428,97,139,138,96
429,112,82,141,121
430,96,112,155,121
431,98,96,112,139
432,140,97,98,139
433,99,142,140,98
434,112,100,122,141
435,113,73,122,112
436,98,113,156,112
437,101,98,113,142
438,143,99,101,142
439,102,144,143,101
440,122,100,114,157
441,83,146,122,114
442,113,83,123,122
443,115,74,123,113
444,101,115,158,113
445,103,101,115,144
446,145,102,103,144
447,104,147,145,103
448,108,114,131,146
449,123,83,108,146
450,92,151,123,108
451,115,92,133,123
452,118,79,133,115
453,103,118,159,115
454,110,103,118,147
455,148,104,110,147
456,119,153,148,110
457,126,86,124,125
458,87,125,149,105
459,126,87,125,127
460,128,88,126,127
461,106,105,149,116
462,127,87,149,106
463,90,127,150,106
464,128,90,127,129
465,130,91,128,129
466,117,78,116,132
467,106,160,117,116
468,109,106,150,117
469,129,90,150,109
470,93,129,152,109
471,130,93,129,134
472,135,94,130,134
473,108,132,161,131
474,117,108,132,151
475,133,92,117,151
476,109,162,133,117
477,118,109,152,133
478,134,93,152,118
479,110,134,163,118
480,135,110,134,153
481,164,119,135,153
482,136,120,154,165
483,136,111,137,154
484,138,95,137,136
485,137,111,121,166
486,96,155,137,121
487,138,96,139,137
488,140,97,139,138
489,112,121,141,155
490,139,96,112,155
491,98,156,139,112
492,140,98,142,139
493,143,99,142,140
494,122,100,157,141
495,112,122,167,141
496,113,112,122,156
497,142,98,113,156
498,101,158,142,113
499,143,101,144,142
500,145,102,144,143
501,122,114,146,157
502,123,83,146,122
503,113,123,168,122
504,115,113,123,158
505,144,101,115,158
506,103,159,144,115
507,145,103,147,144
508,148,104,147,145
509,146,114,131,169
510,108,161,146,131
511,123,108,151,146
512,133,92,151,123
513,115,133,170,123
514,118,115,133,159
515,147,103,118,159
516,110,163,147,118
517,148,110,153,147
518,164,119,153,148
519,126,124,171,125
520,127,87,125,149
521,126,172,127,125
522,128,126,173,127
523,106,149,160,116
524,127,106,149,150
525,129,90,127,150
526,128,174,129,127
527,130,128,175,129
528,117,116,160,132
529,150,106,160,117
530,109,150,162,117
531,129,109,150,152
532,134,93,129,152
533,130,176,134,129
534,135,130,177,134
535,151,108,132,161
536,117,178,151,132
537,133,117,162,151
538,152,109,162,133
539,118,152,179,133
540,134,118,152,163
541,153,110,134,163
542,135,180,153,134
543,164,135,181,153
544,136,165,154,182
545,137,111,166,154
546,136,137,183,154
547,138,136,137,184
548,137,121,155,166
549,139,96,155,137
550,138,139,185,137
551,140,138,139,186
552,155,121,141,187
553,112,167,155,141
554,139,112,156,155
555,142,98,156,139
556,140,142,188,139
557,143,140,142,189
558,122,141,157,167
559,156,112,122,167
560,113,168,156,122
561,142,113,158,156
562,144,101,158,142
563,143,144,190,142
564,145,143,144,191
565,146,114,169,157
566,122,146,192,157
567,123,122,146,168
568,158,113,123,168
569,115,170,158,123
570,144,115,159,158
571,147,103,159,144
572,145,147,193,144
573,148,145,147,194
574,146,131,161,169
575,151,108,161,146
576,123,151,195,146
577,133,123,151,170
578,159,115,133,170
579,118,179,159,133
580,147,118,163,159
581,153,110,163,147
582,148,153,196,147
583,164,148,153,197
584,126,171,172,125
585,127,125,172,149
586,173,126,172,127
587,128,173,174,127
588,150,106,149,160
589,127,198,150,149
590,129,127,174,150
591,175,128,174,129
592,130,175,176,129
593,117,160,178,132
594,150,117,160,162
595,152,109,150,162
596,129,199,152,150
597,134,129,176,152
598,177,130,176,134
599,135,177,180,134
600,151,132,178,161
601,162,117,178,151
602,133,162,200,151
603,152,133,162,179
604,163,118,152,179
605,134,201,163,152
606,153,134,180,163
607,181,135,180,153
608,164,181,202,153
609,182,165,154,203
610,136,183,182,154
611,137,154,166,183
612,184,136,137,183
613,138,185,184,137
614,155,121,187,166
615,137,155,204,166
616,139,137,155,185
617,186,138,139,185
618,140,188,186,139
619,155,141,167,187
620,156,112,167,155
621,139,156,205,155
622,142,139,156,188
623,189,140,142,188
624,143,190,189,142
625,167,141,157,206
626,122,192,167,157
627,156,122,168,167
628,158,113,168,156
629,142,158,207,156
630,144,142,158,190
631,191,143,144,190
632,145,193,191,144
633,146,157,169,192
634,168,122,146,192
635,123,195,168,146
636,158,123,170,168
637,159,115,170,158
638,144,159,208,158
639,147,144,159,193
640,194,145,147,193
641,148,196,194,147
642,146,161,209,169
643,151,146,161,195
644,170,123,151,195
645,133,200,170,151
646,159,133,179,170
647,163,118,179,159
648,147,163,210,159
649,153,147,163,196
650,197,148,153,196
651,164,202,197,153
652,173,126,171,172
653,127,172,198,149
654,173,127,172,174
655,175,128,173,174
656,150,149,198,160
657,174,127,198,150
658,129,174,199,150
659,175,129,174,176
660,177,130,175,176
661,162,117,160,178
662,150,211,162,160
663,152,150,199,162
664,176,129,199,152
665,134,176,201,152
666,177,134,176,180
667,181,135,177,180
668,151,178,212,161
669,162,151,178,200
670,179,133,162,200
671,152,213,179,162
672,163,152,201,179
673,180,134,201,163
674,153,180,214,163
675,181,153,180,202
676,215,164,181,202
677,182,165,203,216
678,182,154,183,203
679,184,136,183,182
680,183,154,166,217
681,137,204,183,166
682,184,137,185,183
683,186,138,185,184
684,155,166,187,204
685,185,137,155,204
686,139,205,185,155
687,186,139,188,185
688,189,140,188,186
689,167,141,206,187
690,155,167,218,187
691,156,155,167,205
692,188,139,156,205
693,142,207,188,156
694,189,142,190,188
695,191,143,190,189
696,167,157,192,206
697,168,122,192,167
698,156,168,219,167
699,158,156,168,207
700,190,142,158,207
701,144,208,190,158
702,191,144,193,190
703,194,145,193,191
704,192,157,169,220
705,146,209,192,169
706,168,146,195,192
707,170,123,195,168
708,158,170,221,168
709,159,158,170,208
710,193,144,159,208
711,147,210,193,159
712,194,147,196,193
713,197,148,196,194
714,195,146,161,209
715,151,212,195,161
716,170,151,200,195
717,179,133,200,170
718,159,179,222,170
719,163,159,179,210
720,196,147,163,210
721,153,214,196,163
722,197,153,202,196
723,215,164,202,197
724,173,171,223,172
725,174,127,172,198
726,173,224,174,172
727,175,173,225,174
728,150,198,211,160
729,174,150,198,199
730,176,129,174,199
731,175,226,176,174
732,177,175,227,176
733,162,160,211,178
734,199,150,211,162
735,152,199,213,162
736,176,152,199,201
737,180,134,176,201
738,177,228,180,176
739,181,177,229,180
740,200,151,178,212
741,162,230,200,178
742,179,162,213,200
743,201,152,213,179
744,163,201,231,179
745,180,163,201,214
746,202,153,180,214
747,181,232,202,180
748,215,181,233,202
749,182,216,203,234
750,183,154,217,203
751,182,183,235,203
752,184,182,183,236
753,183,166,204,217
754,185,137,204,183
755,184,185,237,183
756,186,184,185,238
757,204,166,187,239
758,155,218,204,187
759,185,155,205,204
760,188,139,205,185
761,186,188,240,185
762,189,186,188,241
763,167,187,206,218
764,205,155,167,218
765,156,219,205,167
766,188,156,207,205
767,190,142,207,188
768,189,190,242,188
769,191,189,190,243
770,192,157,220,206
771,167,192,244,206
772,168,167,192,219
773,207,156,168,219
774,158,221,207,168
775,190,158,208,207
776,193,144,208,190
777,191,193,245,190
778,194,191,193,246
779,192,169,209,220
780,195,146,209,192
781,168,195,247,192
782,170,168,195,221
783,208,158,170,221
784,159,222,208,170
785,193,159,210,208
786,196,147,210,193
787,194,196,248,193
788,197,194,196,249
789,195,161,212,209
790,200,151,212,195
791,170,200,250,195
792,179,170,200,222
793,210,159,179,222
794,163,231,210,179
795,196,163,214,210
796,202,153,214,196
797,197,202,251,196
798,215,197,202,252
799,173,223,224,172
800,174,172,224,198
801,225,173,224,174
802,175,225,226,174
803,199,150,198,211
804,174,253,199,198
805,176,174,226,199
806,227,175,226,176
807,177,227,228,176
808,162,211,230,178
809,199,162,211,213
810,201,152,199,213
811,176,254,201,199
812,180,176,228,201
813,229,177,228,180
814,181,229,232,180
815,200,178,230,212
816,213,162,230,200
817,179,213,255,200
818,201,179,213,231
819,214,163,201,231
820,180,256,214,201
821,202,180,232,214
822,233,181,232,202
823,215,233,257,202
824,234,216,203,258
825,182,235,234,203
826,183,203,217,235
827,236,182,183,235
828,184,237,236,183
829,204,166,239,217
830,183,204,259,217
831,185,183,204,237
832,238,184,185,237
833,186,240,238,185
834,204,187,218,239
835,205,155,218,204
836,185,205,260,204
837,188,185,205,240
838,241,186,188,240
839,189,242,241,188
840,218,187,206,261
841,167,244,218,206
842,205,167,219,218
843,207,156,219,205
844,188,207,262,205
845,190,188,207,242
846,243,189,190,242
847,191,245,243,190
848,192,206,220,244
849,219,167,192,244
850,168,247,219,192
851,207,168,221,219
852,208,158,221,207
853,190,208,263,207
854,193,190,208,245
855,246,191,193,245
856,194,248,246,193
857,192,209,264,220
858,195,192,209,247
859,221,168,195,247
860,170,250,221,195
861,208,170,222,221
862,210,159,222,208
863,193,210,265,208
864,196,193,210,248
865,249,194,196,248
866,197,251,249,196
867,195,212,266,209
868,200,195,212,250
869,222,170,200,250
870,179,255,222,200
871,210,179,231,222
872,214,163,231,210
873,196,214,267,210
874,202,196,214,251
875,252,197,202,251
876,215,257,252,202
877,225,173,223,224
878,174,224,253,198
879,225,174,224,226
880,227,175,225,226
881,199,198,253,211
882,226,174,253,199
883,176,226,254,199
884,227,176,226,228
885,229,177,227,228
886,213,162,211,230
887,199,268,213,211
888,201,199,254,213
889,228,176,254,201
890,180,228,256,201
891,229,180,228,232
892,233,181,229,232
893,200,230,269,212
894,213,200,230,255
895,231,179,213,255
896,201,270,231,213
897,214,201,256,231
898,232,180,256,214
899,202,232,271,214
900,233,202,232,257
901,272,215,233,257
902,234,216,258,273
903,234,203,235,258
904,236,182,235,234
905,235,203,217,274
906,183,259,235,217
907,236,183,237,235
908,238,184,237,236
909,204,217,239,259
910,237,183,204,259
911,185,260,237,204
912,238,185,240,237
913,241,186,240,238
914,218,187,261,239
915,204,218,275,239
916,205,204,218,260
917,240,185,205,260
918,188,262,240,205
919,241,188,242,240
920,243,189,242,241
921,218,206,244,261
922,219,167,244,218
923,205,219,276,218
924,207,205,219,262
925,242,188,207,262
926,190,263,242,207
927,243,190,245,242
928,246,191,245,243
929,244,206,220,277
930,192,264,244,220
931,219,192,247,244
932,221,168,247,219
933,207,221,278,219
934,208,207,221,263
935,245,190,208,263
936,193,265,245,208
937,246,193,248,245
938,249,194,248,246
939,247,192,209,264
940,195,266,247,209
941,221,195,250,247
942,222,170,250,221
943,208,222,279,221
944,210,208,222,265
945,248,193,210,265
946,196,267,248,210
947,249,196,251,248
948,252,197,251,249
949,250,195,212,266
950,200,269,250,212
951,222,200,255,250
952,231,179,255,222
953,210,231,280,222
954,214,210,231,267
955,251,196,214,267
956,202,271,251,214
957,252,202,257,251
958,272,215,257,252
959,225,223,281,224
960,226,174,224,253
961,225,282,226,224
962,227,225,283,226
963,199,253,268,211
964,226,199,253,254
965,228,176,226,254
966,227,284,228,226
967,229,227,285,228
968,213,211,268,230
969,254,199,268,213
970,201,254,270,213
971,228,201,254,256
972,232,180,228,256
973,229,286,232,228
974,233,229,287,232
975,255,200,230,269
976,213,288,255,230
977,231,213,270,255
978,256,201,270,231
979,214,256,289,231
980,232,214,256,271
981,257,202,232,271
982,233,290,257,232
983,272,233,291,257
984,234,273,258,292
985,235,203,274,258
986,234,235,293,258
987,236,234,235,294
988,235,217,259,274
989,237,183,259,235
990,236,237,295,235
991,238,236,237,296
992,259,217,239,297
993,204,275,259,239
994,237,204,260,259
995,240,185,260,237
996,238,240,298,237
997,241,238,240,299
998,218,239,261,275
999,260,204,218,275
1000,205,276,260,218
1001,240,205,262,260
1002,242,188,262,240
1003,241,242,300,240
1004,243,241,242,301
1005,244,206,277,261
1006,218,244,302,261
1007,219,218,244,276
1008,262,205,219,276
1009,207,278,262,219
1010,242,207,263,262
1011,245,190,263,242
1012,243,245,303,242
1013,246,243,245,304
1014,244,220,264,277
1015,247,192,264,244
1016,219,247,305,244
1017,221,219,247,278
1018,263,207,221,278
1019,208,279,263,221
1020,245,208,265,263
1021,248,193,265,245
1022,246,248,306,245
1023,249,246,248,307
1024,247,209,266,264
1025,250,195,266,247
1026,221,250,308,247
1027,222,221,250,279
1028,265,208,222,279
1029,210,280,265,222
1030,248,210,267,265
1031,251,196,267,248
1032,249,251,309,248
1033,252,249,251,310
1034,250,212,269,266
1035,255,200,269,250
1036,222,255,311,250
1037,231,222,255,280
1038,267,210,231,280
1039,214,289,267,231
1040,251,214,271,267
1041,257,202,271,251
1042,252,257,312,251
1043,272,252,257,313
1044,225,281,282,224
1045,226,224,282,253
1046,283,225,282,226
1047,227,283,284,226
1048,254,199,253,268
1049,226,314,254,253
1050,228,226,284,254
1051,285,227,284,228
1052,229,285,286,228
1053,213,268,288,230
1054,254,213,268,270
1055,256,201,254,270
1056,228,315,256,254
1057,232,228,286,256
1058,287,229,286,232
1059,233,287,290,232
1060,255,230,288,269
1061,270,213,288,255
1062,231,270,316,255
1063,256,231,270,289
1064,271,214,256,289
1065,232,317,271,256
1066,257,232,290,271
1067,291,233,290,257
1068,272,291,318,257
1069,234,293,292,258
1070,235,258,274,293
1071,294,234,235,293
1072,236,295,294,235
1073,259,217,297,274
1074,235,259,319,274
1075,237,235,259,295
1076,296,236,237,295
1077,238,298,296,237
1078,259,239,275,297
1079,260,204,275,259
1080,237,260,320,259
1081,240,237,260,298
1082,299,238,240,298
1083,241,300,299,240
1084,275,239,261,321
1085,218,302,275,261
1086,260,218,276,275
1087,262,205,276,260
1088,240,262,322,260
1089,242,240,262,300
1090,301,241,242,300
1091,243,303,301,242
1092,244,261,277,302
1093,276,218,244,302
1094,219,305,276,244
1095,262,219,278,276
1096,263,207,278,262
1097,242,263,323,262
1098,245,242,263,303
1099,304,243,245,303
1100,246,306,304,245
1101,244,264,324,277
1102,247,244,264,305
1103,278,219,247,305
1104,221,308,278,247
1105,263,221,279,278
1106,265,208,279,263
1107,245,265,325,263
1108,248,245,265,306
1109,307,246,248,306
1110,249,309,307,248
1111,247,266,326,264
1112,250,247,266,308
1113,279,221,250,308
1114,222,311,279,250
1115,265,222,280,279
1116,267,210,280,265
1117,248,267,327,265
1118,251,248,267,309
1119,310,249,251,309
1120,252,312,310,251
1121,250,269,328,266
1122,255,250,269,311
1123,280,222,255,311
1124,231,316,280,255
1125,267,231,289,280
1126,271,214,289,267
1127,251,271,329,267
1128,257,251,271,312
1129,313,252,257,312
1130,272,318,313,257
1131,283,225,281,282
1132,226,282,314,253
1133,283,226,282,284
1134,285,227,283,284
1135,254,253,314,268
1136,284,226,314,254
1137,228,284,315,254
1138,285,228,284,286
1139,287,229,285,286
1140,270,213,268,288
1141,254,330,270,268
1142,256,254,315,270
1143,286,228,315,256
1144,232,286,317,256
1145,287,232,286,290
1146,291,233,287,290
1147,255,288,331,269
1148,270,255,288,316
1149,289,231,270,316
1150,256,332,289,270
1151,271,256,317,289
1152,290,232,317,271
1153,257,290,333,271
1154,291,257,290,318
1155,334,272,291,318
1156,294,234,293,292
1157,235,319,293,274
1158,294,235,295,293
1159,296,236,295,294
1160,259,274,297,319
1161,295,235,259,319
1162,237,320,295,259
1163,296,237,298,295
1164,299,238,298,296
1165,275,239,321,297
1166,259,275,335,297
1167,260,259,275,320
1168,298,237,260,320
1169,240,322,298,260
1170,299,240,300,298
1171,301,241,300,299
1172,275,261,302,321
1173,276,218,302,275
1174,260,276,336,275
1175,262,260,276,322
1176,300,240,262,322
1177,242,323,300,262
1178,301,242,303,300
1179,304,243,303,301
1180,302,261,277,337
1181,244,324,302,277
1182,276,244,305,302
1183,278,219,305,276
1184,262,278,338,276
1185,263,262,278,323
1186,303,242,263,323
1187,245,325,303,263
1188,304,245,306,303
1189,307,246,306,304
1190,305,244,264,324
1191,247,326,305,264
1192,278,247,308,305
1193,279,221,308,278
1194,263,279,339,278
1195,265,263,279,325
1196,306,245,265,325
1197,248,327,306,265
1198,307,248,309,306
1199,310,249,309,307
1200,308,247,266,326
1201,250,328,308,266
1202,279,250,311,308
1203,280,222,311,279
1204,265,280,340,279
1205,267,265,280,327
1206,309,248,267,327
1207,251,329,309,267
1208,310,251,312,309
1209,313,252,312,310
1210,311,250,269,328
1211,255,331,311,269
1212,280,255,316,311
1213,289,231,316,280
1214,267,289,341,280
1215,271,267,289,329
1216,312,251,271,329
1217,257,333,312,271
1218,313,257,318,312
1219,334,272,318,313
1220,283,281,342,282
1221,284,226,282,314
1222,283,343,284,282
1223,285,283,344,284
1224,254,314,330,268
1225,284,254,314,315
1226,286,228,284,315
1227,285,345,286,284
1228,287,285,346,286
1229,270,268,330,288
1230,315,254,330,270
1231,256,315,332,270
1232,286,256,315,317
1233,290,232,286,317
1234,287,347,290,286
1235,291,287,348,290
1236,316,255,288,331
1237,270,349,316,288
1238,289,270,332,316
1239,317,256,332,289
1240,271,317,350,289
1241,290,271,317,333
1242,318,257,290,333
1243,291,351,318,290
1244,334,291,352,318
1245,294,292,293,353
1246,295,235,319,293
1247,294,295,354,293
1248,296,294,295,355
1249,259,335,319,297
1250,295,259,320,319
1251,298,237,320,295
1252,296,298,356,295
1253,299,296,298,357
1254,275,297,321,335
1255,320,259,275,335
1256,260,336,320,275
1257,298,260,322,320
1258,300,240,322,298
1259,299,300,358,298
1260,301,299,300,359
1261,302,261,337,321
1262,275,302,360,321
1263,276,275,302,336
1264,322,260,276,336
1265,262,338,322,276
1266,300,262,323,322
1267,303,242,323,300
1268,301,303,361,300
1269,304,301,303,362
1270,302,277,324,337
1271,305,244,324,302
1272,276,305,363,302
1273,278,276,305,338
1274,323,262,278,338
1275,263,339,323,278
1276,303,263,325,323
1277,306,245,325,303
1278,304,306,364,303
1279,307,304,306,365
1280,305,264,326,324
1281,308,247,326,305
1282,278,308,366,305
1283,279,278,308,339
1284,325,263,279,339
1285,265,340,325,279
1286,306,265,327,325
1287,309,248,327,306
1288,307,309,367,306
1289,310,307,309,368
1290,308,266,328,326
1291,311,250,328,308
1292,279,311,369,308
1293,280,279,311,340
1294,327,265,280,340
1295,267,341,327,280
1296,309,267,329,327
1297,312,251,329,309
1298,310,312,370,309
1299,313,310,312,371
1300,311,269,331,328
1301,316,255,331,311
1302,280,316,372,311
1303,289,280,316,341
1304,329,267,289,341
1305,271,350,329,289
1306,312,271,333,329
1307,318,257,333,312
1308,313,318,373,312
1309,334,313,318,374
1310,283,342,343,282
1311,284,282,343,314
1312,344,283,343,284
1313,285,344,345,284
1314,315,254,314,330
1315,284,375,315,314
1316,286,284,345,315
1317,346,285,345,286
1318,287,346,347,286
1319,270,330,349,288
1320,315,270,330,332
1321,317,256,315,332
1322,286,376,317,315
1323,290,286,347,317
1324,348,287,347,290
1325,291,348,351,290
1326,316,288,349,331
1327,332,270,349,316
1328,289,332,377,316
1329,317,289,332,350
1330,333,271,317,350
1331,290,378,333,317
1332,318,290,351,333
1333,352,291,351,318
1334,334,352,379,318
1335,294,354,353,293
1336,295,293,319,354
1337,355,294,295,354
1338,296,356,355,295
1339,320,259,335,319
1340,295,320,380,319
1341,298,295,320,356
1342,357,296,298,356
1343,299,358,357,298
1344,275,360,335,321
1345,320,275,336,335
1346,322,260,336,320
1347,298,322,381,320
1348,300,298,322,358
1349,359,299,300,358
1350,301,361,359,300
1351,302,321,337,360
1352,336,275,302,360
1353,276,363,336,302
1354,322,276,338,336
1355,323,262,338,322
1356,300,323,382,322
1357,303,300,323,361
1358,362,301,303,361
1359,304,364,362,303
1360,302,324,383,337
1361,305,302,324,363
1362,338,276,305,363
1363,278,366,338,305
1364,323,278,339,338
1365,325,263,339,323
1366,303,325,384,323
1367,306,303,325,364
1368,365,304,306,364
1369,307,367,365,306
1370,305,326,385,324
1371,308,305,326,366
1372,339,278,308,366
1373,279,369,339,308
1374,325,279,340,339
1375,327,265,340,325
1376,306,327,386,325
1377,309,306,327,367
1378,368,307,309,367
1379,310,370,368,309
1380,308,328,387,326
1381,311,308,328,369
1382,340,279,311,369
1383,280,372,340,311
1384,327,280,341,340
1385,329,267,341,327
1386,309,329,388,327
1387,312,309,329,370
1388,371,310,312,370
1389,313,373,371,312
1390,311,331,389,328
1391,316,311,331,372
1392,341,280,316,372
1393,289,377,341,316
1394,329,289,350,341
1395,333,271,350,329
1396,312,333,390,329
1397,318,312,333,373
1398,374,313,318,373
1399,334,379,374,318
1400,344,283,342,343
1401,284,343,375,314
1402,344,284,343,345
1403,346,285,344,345
1404,315,314,375,330
1405,345,284,375,315
1406,286,345,376,315
1407,346,286,345,347
1408,348,287,346,347
1409,332,270,330,349
1410,315,391,332,330
1411,317,315,376,332
1412,347,286,376,317
1413,290,347,378,317
1414,348,290,347,351
1415,352,291,348,351
1416,316,349,392,331
1417,332,316,349,377
1418,350,289,332,377
1419,317,393,350,332
1420,333,317,378,350
1421,351,290,378,333
1422,318,351,394,333
1423,352,318,351,379
1424,395,334,352,379
1425,355,294,354,353
1426,295,380,354,319
1427,355,295,356,354
1428,357,296,356,355
1429,320,319,335,380
1430,356,295,320,380
1431,298,381,356,320
1432,357,298,358,356
1433,359,299,358,357
1434,336,275,360,335
1435,320,336,396,335
1436,322,320,336,381
1437,358,298,322,381
1438,300,382,358,322
1439,359,300,361,358
1440,362,301,361,359
1441,302,383,360,337
1442,336,302,363,360
1443,338,276,363,336
1444,322,338,397,336
1445,323,322,338,382
1446,361,300,323,382
1447,303,384,361,323
1448,362,303,364,361
1449,365,304,364,362
1450,363,302,324,383
1451,305,385,363,324
1452,338,305,366,363
1453,339,278,366,338
1454,323,339,398,338
1455,325,323,339,384
1456,364,303,325,384
1457,306,386,364,325
1458,365,306,367,364
1459,368,307,367,365
1460,366,305,326,385
1461,308,387,366,326
1462,339,308,369,366
1463,340,279,369,339
1464,325,340,399,339
1465,327,325,340,386
1466,367,306,327,386
1467,309,388,367,327
1468,368,309,370,367
1469,371,310,370,368
1470,369,308,328,387
1471,311,389,369,328
1472,340,311,372,369
1473,341,280,372,340
1474,327,341,400,340
1475,329,327,341,388
1476,370,309,329,388
1477,312,390,370,329
1478,371,312,373,370
1479,374,313,373,371
1480,372,311,331,389
1481,316,392,372,331
1482,341,316,377,372
1483,350,289,377,341
1484,329,350,401,341
1485,333,329,350,390
1486,373,312,333,390
1487,318,394,373,333
1488,374,318,379,373
1489,395,334,379,374
1490,344,342,402,343
1491,345,284,343,375
1492,344,403,345,343
1493,346,344,404,345
1494,315,375,391,330
1495,345,315,375,376
1496,347,286,345,376
1497,346,405,347,345
1498,348,346,406,347
1499,332,330,391,349
1500,376,315,391,332
1501,317,376,393,332
1502,347,317,376,378
1503,351,290,347,378
1504,348,407,351,347
1505,352,348,408,351
1506,377,316,349,392
1507,332,409,377,349
1508,350,332,393,377
1509,378,317,393,350
1510,333,378,410,350
1511,351,333,378,394
1512,379,318,351,394
1513,352,411,379,351
1514,395,352,412,379
1515,355,353,354,413
1516,356,295,380,354
1517,355,356,414,354
1518,357,355,356,415
1519,320,396,380,335
1520,356,320,381,380
1521,358,298,381,356
1522,357,358,416,356
1523,359,357,358,417
1524,336,335,360,396
1525,381,320,336,396
1526,322,397,381,336
1527,358,322,382,381
1528,361,300,382,358
1529,359,361,418,358
1530,362,359,361,419
1531,363,302,383,360
1532,336,363,420,360
1533,338,336,363,397
1534,382,322,338,397
1535,323,398,382,338
1536,361,323,384,382
1537,364,303,384,361
1538,362,364,421,361
1539,365,362,364,422
1540,363,324,385,383
1541,366,305,385,363
1542,338,366,423,363
1543,339,338,366,398
1544,384,323,339,398
1545,325,399,384,339
1546,364,325,386,384
1547,367,306,386,364
1548,365,367,424,364
1549,368,365,367,425
1550,366,326,387,385
1551,369,308,387,366
1552,339,369,426,366
1553,340,339,369,399
1554,386,325,340,399
1555,327,400,386,340
1556,367,327,388,386
1557,370,309,388,367
1558,368,370,427,367
1559,371,368,370,428
1560,369,328,389,387
1561,372,311,389,369
1562,340,372,429,369
1563,341,340,372,400
1564,388,327,341,400
1565,329,401,388,341
1566,370,329,390,388
1567,373,312,390,370
1568,371,373,430,370
1569,374,371,373,431
1570,372,331,392,389
1571,377,316,392,372
1572,341,377,432,372
1573,350,341,377,401
1574,390,329,350,401
1575,333,410,390,350
1576,373,333,394,390
1577,379,318,394,373
1578,374,379,433,373
1579,395,374,379,434
1580,344,402,403,343
1581,345,343,403,375
1582,404,344,403,345
1583,346,404,405,345
1584,376,315,375,391
1585,345,435,376,375
1586,347,345,405,376
1587,406,346,405,347
1588,348,406,407,347
1589,332,391,409,349
1590,376,332,391,393
1591,378,317,376,393
1592,347,436,378,376
1593,351,347,407,378
1594,408,348,407,351
1595,352,408,411,351
1596,377,349,409,392
1597,393,332,409,377
1598,350,393,437,377
1599,378,350,393,410
1600,394,333,378,410
1601,351,438,394,378
1602,379,351,411,394
1603,412,352,411,379
1604,395,412,439,379
1605,355,414,413,354
1606,356,354,380,414
1607,415,355,356,414
1608,357,416,415,356
1609,381,320,396,380
1610,356,381,440,380
1611,358,356,381,416
1612,417,357,358,416
1613,359,418,417,358
1614,336,420,396,360
1615,381,336,397,396
1616,382,322,397,381
1617,358,382,441,381
1618,361,358,382,418
1619,419,359,361,418
1620,362,421,419,361
1621,363,360,383,420
1622,397,336,363,420
1623,338,423,397,363
1624,382,338,398,397
1625,384,323,398,382
1626,361,384,442,382
1627,364,361,384,421
1628,422,362,364,421
1629,365,424,422,364
1630,363,385,443,383
1631,366,363,385,423
1632,398,338,366,423
1633,339,426,398,366
1634,384,339,399,398
1635,386,325,399,384
1636,364,386,444,384
1637,367,364,386,424
1638,425,365,367,424
1639,368,427,425,367
1640,366,387,445,385
1641,369,366,387,426
1642,399,339,369,426
1643,340,429,399,369
1644,386,340,400,399
1645,388,327,400,386
1646,367,388,446,386
1647,370,367,388,427
1648,428,368,370,427
1649,371,430,428,370
1650,369,389,447,387
1651,372,369,389,429
1652,400,340,372,429
1653,341,432,400,372
1654,388,341,401,400
1655,390,329,401,388
1656,370,390,448,388
1657,373,370,390,430
1658,431,371,373,430
1659,374,433,431,373
1660,372,392,449,389
1661,377,372,392,432
1662,401,341,377,432
1663,350,437,401,377
1664,390,350,410,401
1665,394,333,410,390
1666,373,394,450,390
1667,379,373,394,433
1668,434,374,379,433
1669,395,439,434,379
1670,404,344,402,403
1671,345,403,435,375
1672,404,345,403,405
1673,406,346,404,405
1674,376,375,435,391
1675,405,345,435,376
1676,347,405,436,376
1677,406,347,405,407
1678,408,348,406,407
1679,393,332,391,409
1680,376,451,393,391
1681,378,376,436,393
1682,407,347,436,378
1683,351,407,438,378
1684,408,351,407,411
1685,412,352,408,411
1686,377,409,452,392
1687,393,377,409,437
1688,410,350,393,437
1689,378,453,410,393
1690,394,378,438,410
1691,411,351,438,394
1692,379,411,454,394
1693,412,379,411,439
1694,455,395,412,439
1695,415,355,414,413
1696,356,440,414,380
1697,415,356,416,414
1698,417,357,416,415
1699,381,380,396,440
1700,416,356,381,440
1701,358,441,416,381
1702,417,358,418,416
1703,419,359,418,417
1704,397,336,420,396
1705,381,397,456,396
1706,382,381,397,441
1707,418,358,382,441
1708,361,442,418,382
1709,419,361,421,418
1710,422,362,421,419
1711,363,443,420,383
1712,397,363,423,420
1713,398,338,423,397
1714,382,398,457,397
1715,384,382,398,442
1716,421,361,384,442
1717,364,444,421,384
1718,422,364,424,421
1719,425,365,424,422
1720,423,363,385,443
1721,366,445,423,385
1722,398,366,426,423
1723,399,339,426,398
1724,384,399,458,398
1725,386,384,399,444
1726,424,364,386,444
1727,367,446,424,386
1728,425,367,427,424
1729,428,368,427,425
1730,426,366,387,445
1731,369,447,426,387
1732,399,369,429,426
1733,400,340,429,399
1734,386,400,459,399
1735,388,386,400,446
1736,427,367,388,446
1737,370,448,427,388
1738,428,370,430,427
1739,431,371,430,428
1740,429,369,389,447
1741,372,449,429,389
1742,400,372,432,429
1743,401,341,432,400
1744,388,401,460,400
1745,390,388,401,448
1746,430,370,390,448
1747,373,450,430,390
1748,431,373,433,430
1749,434,374,433,431
1750,432,372,392,449
1751,377,452,432,392
1752,401,377,437,432
1753,410,350,437,401
1754,390,410,461,401
1755,394,390,410,450
1756,433,373,394,450
1757,379,454,433,394
1758,434,379,439,433
1759,455,395,439,434
1760,404,402,462,403
1761,405,345,403,435
1762,404,463,405,403
1763,406,404,464,405
1764,376,435,451,391
1765,405,376,435,436
1766,407,347,405,436
1767,406,465,407,405
1768,408,406,466,407
1769,393,391,451,409
1770,436,376,451,393
1771,378,436,453,393
1772,407,378,436,438
1773,411,351,407,438
1774,408,467,411,407
1775,412,408,468,411
1776,437,377,409,452
1777,393,469,437,409
1778,410,393,453,437
1779,438,378,453,410
1780,394,438,470,410
1781,411,394,438,454
1782,439,379,411,454
1783,412,471,439,411
1784,455,412,472,439
1785,415,413,414,473
1786,416,356,440,414
1787,415,416,474,414
1788,417,415,416,475
1789,381,456,440,396
1790,416,381,441,440
1791,418,358,441,416
1792,417,418,476,416
1793,419,417,418,477
1794,397,396,420,456
1795,441,381,397,456
1796,382,457,441,397
1797,418,382,442,441
1798,421,361,442,418
1799,419,421,478,418
1800,422,419,421,479
1801,423,363,443,420
1802,397,423,480,420
1803,398,397,423,457
1804,442,382,398,457
1805,384,458,442,398
1806,421,384,444,442
1807,424,364,444,421
1808,422,424,481,421
1809,425,422,424,482
1810,423,385,445,443
1811,426,366,445,423
1812,398,426,483,423
1813,399,398,426,458
1814,444,384,399,458
1815,386,459,444,399
1816,424,386,446,444
1817,427,367,446,424
1818,425,427,484,424
1819,428,425,427,485
1820,426,387,447,445
1821,429,369,447,426
1822,399,429,486,426
1823,400,399,429,459
1824,446,386,400,459
1825,388,460,446,400
1826,427,388,448,446
1827,430,370,448,427
1828,428,430,487,427
1829,431,428,430,488
1830,429,389,449,447
1831,432,372,449,429
1832,400,432,489,429
1833,401,400,432,460
1834,448,388,401,460
1835,390,461,448,401
1836,430,390,450,448
1837,433,373,450,430
1838,431,433,490,430
1839,434,431,433,491
1840,432,392,452,449
1841,437,377,452,432
1842,401,437,492,432
1843,410,401,437,461
1844,450,390,410,461
1845,394,470,450,410
1846,433,394,454,450
1847,439,379,454,433
1848,434,439,493,433
1849,455,434,439,494
1850,404,462,463,403
1851,405,403,463,435
1852,464,404,463,405
1853,406,464,465,405
1854,436,376,435,451
1855,405,495,436,435
1856,407,405,465,436
1857,466,406,465,407
1858,408,466,467,407
1859,393,451,469,409
1860,436,393,451,453
1861,438,378,436,453
1862,407,496,438,436
1863,411,407,467,438
1864,468,408,467,411
1865,412,468,471,411
1866,437,409,469,452
1867,453,393,469,437
1868,410,453,497,437
1869,438,410,453,470
1870,454,394,438,470
1871,411,498,454,438
1872,439,411,471,454
1873,472,412,471,439
1874,455,472,499,439
1875,415,474,473,414
1876,416,414,440,474
1877,475,415,416,474
1878,417,476,475,416
1879,441,381,456,440
1880,416,441,500,440
1881,418,416,441,476
1882,477,417,418,476
1883,419,478,477,418
1884,397,480,456,420
1885,441,397,457,456
1886,442,382,457,441
1887,418,442,501,441
1888,421,418,442,478
1889,479,419,421,478
1890,422,481,479,421
1891,423,420,443,480
1892,457,397,423,480
1893,398,483,457,423
1894,442,398,458,457
1895,444,384,458,442
1896,421,444,502,442
1897,424,421,444,481
1898,482,422,424,481
1899,425,484,482,424
1900,423,445,503,443
1901,426,423,445,483
1902,458,398,426,483
1903,399,486,458,426
1904,444,399,459,458
1905,446,386,459,444
1906,424,446,504,444
1907,427,424,446,484
1908,485,425,427,484
1909,428,487,485,427
1910,426,447,505,445
1911,429,426,447,486
1912,459,399,429,486
1913,400,489,459,429
1914,446,400,460,459
1915,448,388,460,446
1916,427,448,506,446
1917,430,427,448,487
1918,488,428,430,487
1919,431,490,488,430
1920,429,449,507,447
1921,432,429,449,489
1922,460,400,432,489
1923,401,492,460,432
1924,448,401,461,460
1925,450,390,461,448
1926,430,450,508,448
1927,433,430,450,490
1928,491,431,433,490
1929,434,493,491,433
1930,432,452,509,449
1931,437,432,452,492
1932,461,401,437,492
1933,410,497,461,437
1934,450,410,470,461
1935,454,394,470,450
1936,433,454,510,450
1937,439,433,454,493
1938,494,434,439,493
1939,455,499,494,439
1940,464,404,462,463
1941,405,463,495,435
1942,464,405,463,465
1943,466,406,464,465
1944,436,435,495,451
1945,465,405,495,436
1946,407,465,496,436
1947,466,407,465,467
1948,468,408,466,467
1949,453,393,451,469
1950,436,511,453,451
1951,438,436,496,453
1952,467,407,496,438
1953,411,467,498,438
1954,468,411,467,471
1955,472,412,468,471
1956,437,469,512,452
1957,453,437,469,497
1958,470,410,453,497
1959,438,513,470,453
1960,454,438,498,470
1961,471,411,498,454
1962,439,471,514,454
1963,472,439,471,499
1964,515,455,472,499
1965,475,415,474,473
1966,416,500,474,440
1967,475,416,476,474
1968,477,417,476,475
1969,441,440,456,500
1970,476,416,441,500
1971,418,501,476,441
1972,477,418,478,476
1973,479,419,478,477
1974,457,397,480,456
1975,441,457,516,456
1976,442,441,457,501
1977,478,418,442,501
1978,421,502,478,442
1979,479,421,481,478
1980,482,422,481,479
1981,423,503,480,443
1982,457,423,483,480
1983,458,398,483,457
1984,442,458,517,457
1985,444,442,458,502
1986,481,421,444,502
1987,424,504,481,444
1988,482,424,484,481
1989,485,425,484,482
1990,483,423,445,503
1991,426,505,483,445
1992,458,426,486,483
1993,459,399,486,458
1994,444,459,518,458
1995,446,444,459,504
1996,484,424,446,504
1997,427,506,484,446
1998,485,427,487,484
1999,488,428,487,485
2000,486,426,447,505
2001,429,507,486,447
2002,459,429,489,486
2003,460,400,489,459
2004,446,460,519,459
2005,448,446,460,506
2006,487,427,448,506
2007,430,508,487,448
2008,488,430,490,487
2009,491,431,490,488
2010,489,429,449,507
2011,432,509,489,449
2012,460,432,492,489
2013,461,401,492,460
2014,448,461,520,460
2015,450,448,461,508
2016,490,430,450,508
2017,433,510,490,450
2018,491,433,493,490
2019,494,434,493,491
2020,492,432,452,509
2021,437,512,492,452
2022,461,437,497,492
2023,470,410,497,461
2024,450,470,521,461
2025,454,450,470,510
2026,493,433,454,510
2027,439,514,493,454
2028,494,439,499,493
2029,515,455,499,494
2030,464,462,522,463
2031,465,405,463,495
2032,464,523,465,463
2033,466,464,524,465
2034,436,495,511,451
2035,465,436,495,496
2036,467,407,465,496
2037,466,525,467,465
2038,468,466,526,467
2039,453,451,511,469
2040,496,436,511,453
2041,438,496,513,453
2042,467,438,496,498
2043,471,411,467,498
2044,468,527,471,467
2045,472,468,528,471
2046,497,437,469,512
2047,453,529,497,469
2048,470,453,513,497
2049,498,438,513,470
2050,454,498,530,470
2051,471,454,498,514
2052,499,439,471,514
2053,472,531,499,471
2054,515,472,532,499
2055,475,473,474,533
2056,476,416,500,474
2057,475,476,534,474
2058,477,475,476,535
2059,441,516,500,456
2060,476,441,501,500
2061,478,418,501,476
2062,477,478,536,476
2063,479,477,478,537
2064,457,456,480,516
2065,501,441,457,516
2066,442,517,501,457
2067,478,442,502,501
2068,481,421,502,478
2069,479,481,538,478
2070,482,479,481,539
2071,483,423,503,480
2072,457,483,540,480
2073,458,457,483,517
2074,502,442,458,517
2075,444,518,502,458
2076,481,444,504,502
2077,484,424,504,481
2078,482,484,541,481
2079,485,482,484,542
2080,483,445,505,503
2081,486,426,505,483
2082,458,486,543,483
2083,459,458,486,518
2084,504,444,459,518
2085,446,519,504,459
2086,484,446,506,504
2087,487,427,506,484
2088,485,487,544,484
2089,488,485,487,545
2090,486,447,507,505
2091,489,429,507,486
2092,459,489,546,486
2093,460,459,489,519
2094,506,446,460,519
2095,448,520,506,460
2096,487,448,508,506
2097,490,430,508,487
2098,488,490,547,487
2099,491,488,490,548
2100,489,449,509,507
2101,492,432,509,489
2102,460,492,549,489
2103,461,460,492,520
2104,508,448,461,520
2105,450,521,508,461
2106,490,450,510,508
2107,493,433,510,490
2108,491,493,550,490
2109,494,491,493,551
2110,492,452,512,509
2111,497,437,512,492
2112,461,497,552,492
2113,470,461,497,521
2114,510,450,470,521
2115,454,530,510,470
2116,493,454,514,510
2117,499,439,514,493
2118,494,499,553,493
2119,515,494,499,554
2120,464,522,523,463
2121,465,463,523,495
2122,524,464,523,465
2123,466,524,525,465
2124,496,436,495,511
2125,465,555,496,495
2126,467,465,525,496
2127,526,466,525,467
2128,468,526,527,467
2129,453,511,529,469
2130,496,453,511,513
2131,498,438,496,513
2132,467,556,498,496
2133,471,467,527,498
2134,528,468,527,471
2135,472,528,531,471
2136,497,469,529,512
2137,513,453,529,497
2138,470,513,557,497
2139,498,470,513,530
2140,514,454,498,530
2141,471,558,514,498
2142,499,471,531,514
2143,532,472,531,499
2144,515,532,559,499
2145,475,534,533,474
2146,476,474,500,534
2147,535,475,476,534
2148,477,536,535,476
2149,501,441,516,500
2150,476,501,560,500
2151,478,476,501,536
2152,537,477,478,536
2153,479,538,537,478
2154,457,540,516,480
2155,501,457,517,516
2156,502,442,517,501
2157,478,502,561,501
2158,481,478,502,538
2159,539,479,481,538
2160,482,541,539,481
2161,483,480,503,540
2162,517,457,483,540
2163,458,543,517,483
2164,502,458,518,517
2165,504,444,518,502
2166,481,504,562,502
2167,484,481,504,541
2168,542,482,484,541
2169,485,544,542,484
2170,483,505,563,503
2171,486,483,505,543
2172,518,458,486,543
2173,459,546,518,486
2174,504,459,519,518
2175,506,446,519,504
2176,484,506,564,504
2177,487,484,506,544
2178,545,485,487,544
2179,488,547,545,487
2180,486,507,565,505
2181,489,486,507,546
2182,519,459,489,546
2183,460,549,519,489
2184,506,460,520,519
2185,508,448,520,506
2186,487,508,566,506
2187,490,487,508,547
2188,548,488,490,547
2189,491,550,548,490
2190,489,509,567,507
2191,492,489,509,549
2192,520,460,492,549
2193,461,552,520,492
2194,508,461,521,520
2195,510,450,521,508
2196,490,510,568,508
2197,493,490,510,550
2198,551,491,493,550
2199,494,553,551,493
2200,492,512,569,509
2201,497,492,512,552
2202,521,461,497,552
2203,470,557,521,497
2204,510,470,530,521
2205,514,454,530,510
2206,493,514,570,510
2207,499,493,514,553
2208,554,494,499,553
2209,515,559,554,499
2210,524,464,522,523
2211,465,523,555,495
2212,524,465,523,525
2213,526,466,524,525
2214,496,495,555,511
2215,525,465,555,496
2216,467,525,556,496
2217,526,467,525,527
2218,528,468,526,527
2219,513,453,511,529
2220,496,571,513,511
2221,498,496,556,513
2222,527,467,556,498
2223,471,527,558,498
2224,528,471,527,531
2225,532,472,528,531
2226,497,529,572,512
2227,513,497,529,557
2228,530,470,513,557
2229,498,573,530,513
2230,514,498,558,530
2231,531,471,558,514
2232,499,531,574,514
2233,532,499,531,559
2234,535,475,534,533
2235,476,560,534,500
2236,535,476,536,534
2237,537,477,536,535
2238,501,500,516,560
2239,536,476,501,560
2240,478,561,536,501
2241,537,478,538,536
2242,539,479,538,537
2243,517,457,540,516
2244,501,517,575,516
2245,502,501,517,561
2246,538,478,502,561
2247,481,562,538,502
2248,539,481,541,538
2249,542,482,541,539
2250,483,563,540,503
2251,517,483,543,540
2252,518,458,543,517
2253,502,518,576,517
2254,504,502,518,562
2255,541,481,504,562
2256,484,564,541,504
2257,542,484,544,541
2258,545,485,544,542
2259,543,483,505,563
2260,486,565,543,505
2261,518,486,546,543
2262,519,459,546,518
2263,504,519,577,518
2264,506,504,519,564
2265,544,484,506,564
2266,487,566,544,506
2267,545,487,547,544
2268,548,488,547,545
2269,546,486,507,565
2270,489,567,546,507
2271,519,489,549,546
2272,520,460,549,519
2273,506,520,578,519
2274,508,506,520,566
2275,547,487,508,566
2276,490,568,547,508
2277,548,490,550,547
2278,551,491,550,548
2279,549,489,509,567
2280,492,569,549,509
2281,520,492,552,549
2282,521,461,552,520
2283,508,521,579,520
2284,510,508,521,568
2285,550,490,510,568
2286,493,570,550,510
2287,551,493,553,550
2288,554,494,553,551
2289,552,492,512,569
2290,497,572,552,512
2291,521,497,557,552
2292,530,470,557,521
2293,510,530,580,521
2294,514,510,530,570
2295,553,493,514,570
2296,499,574,553,514
2297,554,499,559,553
2298,524,522,581,523
2299,525,465,523,555
2300,524,582,525,523
2301,526,524,583,525
2302,496,555,571,511
2303,525,496,555,556
2304,527,467,525,556
2305,526,584,527,525
2306,528,526,585,527
2307,513,511,571,529
2308,556,496,571,513
2309,498,556,573,513
2310,527,498,556,558
2311,531,471,527,558
2312,528,586,531,527
2313,532,528,587,531
2314,557,497,529,572
2315,513,588,557,529
2316,530,513,573,557
2317,558,498,573,530
2318,514,558,589,530
2319,531,514,558,574
2320,559,499,531,574
2321,532,590,559,531
2322,535,533,534,591
2323,536,476,560,534
2324,535,536,592,534
2325,537,535,536,593
2326,501,575,560,516
2327,536,501,561,560
2328,538,478,561,536
2329,537,538,594,536
2330,539,537,538,595
2331,517,516,540,575
2332,561,501,517,575
2333,502,576,561,517
2334,538,502,562,561
2335,541,481,562,538
2336,539,541,596,538
2337,542,539,541,597
2338,543,483,563,540
2339,517,543,598,540
2340,518,517,543,576
2341,562,502,518,576
2342,504,577,562,518
2343,541,504,564,562
2344,544,484,564,541
2345,542,544,599,541
2346,545,542,544,600
2347,543,505,565,563
2348,546,486,565,543
2349,518,546,601,543
2350,519,518,546,577
2351,564,504,519,577
2352,506,578,564,519
2353,544,506,566,564
2354,547,487,566,544
2355,545,547,602,544
2356,548,545,547,603
2357,546,507,567,565
2358,549,489,567,546
2359,519,549,604,546
2360,520,519,549,578
2361,566,506,520,578
2362,508,579,566,520
2363,547,508,568,566
2364,550,490,568,547
2365,548,550,605,547
2366,551,548,550,606
2367,549,509,569,567
2368,552,492,569,549
2369,520,552,607,549
2370,521,520,552,579
2371,568,508,521,579
2372,510,580,568,521
2373,550,510,570,568
2374,553,493,570,550
2375,551,553,608,550
2376,554,551,553,609
2377,552,512,572,569
2378,557,497,572,552
2379,521,557,610,552
2380,530,521,557,580
2381,570,510,530,580
2382,514,589,570,530
2383,553,514,574,570
2384,559,499,574,553
2385,554,559,611,553
2386,524,581,582,523
2387,525,523,582,555
2388,583,524,582,525
2389,526,583,584,525
2390,556,496,555,571
2391,525,612,556,555
2392,527,525,584,556
2393,585,526,584,527
2394,528,585,586,527
2395,513,571,588,529
2396,556,513,571,573
2397,558,498,556,573
2398,527,613,558,556
2399,531,527,586,558
2400,587,528,586,531
2401,532,587,590,531
2402,557,529,588,572
2403,573,513,588,557
2404,530,573,614,557
2405,558,530,573,589
2406,574,514,558,589
2407,531,615,574,558
2408,559,531,590,574
2409,535,592,591,534
2410,536,534,560,592
2411,593,535,536,592
2412,537,594,593,536
2413,561,501,575,560
2414,536,561,616,560
2415,538,536,561,594
2416,595,537,538,594
2417,539,596,595,538
2418,517,598,575,540
2419,561,517,576,575
2420,562,502,576,561
2421,538,562,617,561
2422,541,538,562,596
2423,597,539,541,596
2424,542,599,597,541
2425,543,540,563,598
2426,576,517,543,598
2427,518,601,576,543
2428,562,518,577,576
2429,564,504,577,562
2430,541,564,618,562
2431,544,541,564,599
2432,600,542,544,599
2433,545,602,600,544
2434,543,565,619,563
2435,546,543,565,601
2436,577,518,546,601
2437,519,604,577,546
2438,564,519,578,577
2439,566,506,578,564
2440,544,566,620,564
2441,547,544,566,602
2442,603,545,547,602
2443,548,605,603,547
2444,546,567,621,565
2445,549,546,567,604
2446,578,519,549,604
2447,520,607,578,549
2448,566,520,579,578
2449,568,508,579,566
2450,547,568,622,566
2451,550,547,568,605
2452,606,548,550,605
2453,551,608,606,550
2454,549,569,623,567
2455,552,549,569,607
2456,579,520,552,607
2457,521,610,579,552
2458,568,521,580,579
2459,570,510,580,568
2460,550,570,624,568
2461,553,550,570,608
2462,609,551,553,608
2463,554,611,609,553
2464,552,572,625,569
2465,557,552,572,610
2466,580,521,557,610
2467,530,614,580,557
2468,570,530,589,580
2469,574,514,589,570
2470,553,574,626,570
2471,559,553,574,611
2472,583,524,581,582
2473,525,582,612,555
2474,583,525,582,584
2475,585,526,583,584
2476,556,555,612,571
2477,584,525,612,556
2478,527,584,613,556
2479,585,527,584,586
2480,587,528,585,586
2481,573,513,571,588
2482,556,627,573,571
2483,558,556,613,573
2484,586,527,613,558
2485,531,586,615,558
2486,587,531,586,590
2487,557,588,628,572
2488,573,557,588,614
2489,589,530,573,614
2490,558,629,589,573
2491,574,558,615,589
2492,590,531,615,574
2493,559,590,630,574
2494,593,535,592,591
2495,536,616,592,560
2496,593,536,594,592
2497,595,537,594,593
2498,561,560,575,616
2499,594,536,561,616
2500,538,617,594,561
2501,595,538,596,594
2502,597,539,596,595
2503,576,517,598,575
2504,561,576,631,575
2505,562,561,576,617
2506,596,538,562,617
2507,541,618,596,562
2508,597,541,599,596
2509,600,542,599,597
2510,543,619,598,563
2511,576,543,601,598
2512,577,518,601,576
2513,562,577,632,576
2514,564,562,577,618
2515,599,541,564,618
2516,544,620,599,564
2517,600,544,602,599
2518,603,545,602,600
2519,601,543,565,619
2520,546,621,601,565
2521,577,546,604,601
2522,578,519,604,577
2523,564,578,633,577
2524,566,564,578,620
2525,602,544,566,620
2526,547,622,602,566
2527,603,547,605,602
2528,606,548,605,603
2529,604,546,567,621
2530,549,623,604,567
2531,578,549,607,604
2532,579,520,607,578
2533,566,579,634,578
2534,568,566,579,622
2535,605,547,568,622
2536,550,624,605,568
2537,606,550,608,605
2538,609,551,608,606
2539,607,549,569,623
2540,552,625,607,569
2541,579,552,610,607
2542,580,521,610,579
2543,568,580,635,579
2544,570,568,580,624
2545,608,550,570,624
2546,553,626,608,570
2547,609,553,611,608
2548,610,552,572,625
2549,557,628,610,572
2550,580,557,614,610
2551,589,530,614,580
2552,570,589,636,580
2553,574,570,589,626
2554,611,553,574,626
2555,559,630,611,574
2556,583,581,637,582
2557,584,525,582,612
2558,583,638,584,582
2559,585,583,639,584
2560,556,612,627,571
2561,584,556,612,613
2562,586,527,584,613
2563,585,640,586,584
2564,587,585,641,586
2565,573,571,627,588
2566,613,556,627,573
2567,558,613,629,573
2568,586,558,613,615
2569,590,531,586,615
2570,587,642,590,586
2571,614,557,588,628
2572,573,643,614,588
2573,589,573,629,614
2574,615,558,629,589
2575,574,615,644,589
2576,590,574,615,630
2577,593,591,592,645
2578,594,536,616,592
2579,593,594,646,592
2580,595,593,594,647
2581,561,631,616,575
2582,594,561,617,616
2583,596,538,617,594
2584,595,596,648,594
2585,597,595,596,649
2586,576,575,598,631
2587,617,561,576,631
2588,562,632,617,576
2589,596,562,618,617
2590,599,541,618,596
2591,597,599,650,596
2592,600,597,599,651
2593,601,543,619,598
2594,576,601,652,598
2595,577,576,601,632
2596,618,562,577,632
2597,564,633,618,577
2598,599,564,620,618
2599,602,544,620,599
2600,600,602,653,599
2601,603,600,602,654
2602,601,565,621,619
2603,604,546,621,601
2604,577,604,655,601
2605,578,577,604,633
2606,620,564,578,633
2607,566,634,620,578
2608,602,566,622,620
2609,605,547,622,602
2610,603,605,656,602
2611,606,603,605,657
2612,604,567,623,621
2613,607,549,623,604
2614,578,607,658,604
2615,579,578,607,634
2616,622,566,579,634
2617,568,635,622,579
2618,605,568,624,622
2619,608,550,624,605
2620,606,608,659,605
2621,609,606,608,660
2622,607,569,625,623
2623,610,552,625,607
2624,579,610,661,607
2625,580,579,610,635
2626,624,568,580,635
2627,570,636,624,580
2628,608,570,626,624
2629,611,553,626,608
2630,609,611,662,608
2631,610,572,628,625
2632,614,557,628,610
2633,580,614,663,610
2634,589,580,614,636
2635,626,570,589,636
2636,574,644,626,589
2637,611,574,630,626
2638,583,637,638,582
2639,584,582,638,612
2640,639,583,638,584
2641,585,639,640,584
2642,613,556,612,627
2643,584,664,613,612
2644,586,584,640,613
2645,641,585,640,586
2646,587,641,642,586
2647,573,627,643,588
2648,613,573,627,629
2649,615,558,613,629
2650,586,665,615,613
2651,590,586,642,615
2652,614,588,643,628
2653,629,573,643,614
2654,589,629,666,614
2655,615,589,629,644
2656,630,574,615,644
2657,590,667,630,615
2658,593,646,645,592
2659,594,592,616,646
2660,647,593,594,646
2661,595,648,647,594
2662,617,561,631,616
2663,594,617,668,616
2664,596,594,617,648
2665,649,595,596,648
2666,597,650,649,596
2667,576,652,631,598
2668,617,576,632,631
2669,618,562,632,617
2670,596,618,669,617
2671,599,596,618,650
2672,651,597,599,650
2673,600,653,651,599
2674,601,598,619,652
2675,632,576,601,652
2676,577,655,632,601
2677,618,577,633,632
2678,620,564,633,618
2679,599,620,670,618
2680,602,599,620,653
2681,654,600,602,653
2682,603,656,654,602
2683,601,621,671,619
2684,604,601,621,655
2685,633,577,604,655
2686,578,658,633,604
2687,620,578,634,633
2688,622,566,634,620
2689,602,622,672,620
2690,605,602,622,656
2691,657,603,605,656
2692,606,659,657,605
2693,604,623,673,621
2694,607,604,623,658
2695,634,578,607,658
2696,579,661,634,607
2697,622,579,635,634
2698,624,568,635,622
2699,605,624,674,622
2700,608,605,624,659
2701,660,606,608,659
2702,609,662,660,608
2703,607,625,675,623
2704,610,607,625,661
2705,635,579,610,661
2706,580,663,635,610
2707,624,580,636,635
2708,626,570,636,624
2709,608,626,676,624
2710,611,608,626,662
2711,610,628,677,625
2712,614,610,628,663
2713,636,580,614,663
2714,589,666,636,614
2715,626,589,644,636
2716,630,574,644,626
2717,611,630,678,626
2718,639,583,637,638
2719,584,638,664,612
2720,639,584,638,640
2721,641,585,639,640
2722,613,612,664,627
2723,640,584,664,613
2724,586,640,665,613
2725,641,586,640,642
2726,629,573,627,643
2727,613,679,629,627
2728,615,613,665,629
2729,642,586,665,615
2730,590,642,667,615
2731,614,643,680,628
2732,629,614,643,666
2733,644,589,629,666
2734,615,681,644,629
2735,630,615,667,644
2736,647,593,646,645
2737,594,668,646,616
2738,647,594,648,646
2739,649,595,648,647
2740,617,616,631,668
2741,648,594,617,668
2742,596,669,648,617
2743,649,596,650,648
2744,651,597,650,649
2745,632,576,652,631
2746,617,632,682,631
2747,618,617,632,669
2748,650,596,618,669
2749,599,670,650,618
2750,651,599,653,650
2751,654,600,653,651
2752,601,671,652,619
2753,632,601,655,652
2754,633,577,655,632
2755,618,633,683,632
2756,620,618,633,670
2757,653,599,620,670
2758,602,672,653,620
2759,654,602,656,653
2760,657,603,656,654
2761,655,601,621,671
2762,604,673,655,621
2763,633,604,658,655
2764,634,578,658,633
2765,620,634,684,633
2766,622,620,634,672
2767,656,602,622,672
2768,605,674,656,622
2769,657,605,659,656
2770,660,606,659,657
2771,658,604,623,673
2772,607,675,658,623
2773,634,607,661,658
2774,635,579,661,634
2775,622,635,685,634
2776,624,622,635,674
2777,659,605,624,674
2778,608,676,659,624
2779,660,608,662,659
2780,661,607,625,675
2781,610,677,661,625
2782,635,610,663,661
2783,636,580,663,635
2784,624,636,686,635
2785,626,624,636,676
2786,662,608,626,676
2787,611,678,662,626
2788,663,610,628,677
2789,614,680,663,628
2790,636,614,666,663
2791,644,589,666,636
2792,626,644,687,636
2793,630,626,644,678
2794,639,637,688,638
2795,640,584,638,664
2796,639,689,640,638
2797,641,639,690,640
2798,613,664,679,627
2799,640,613,664,665
2800,642,586,640,665
2801,641,691,642,640
2802,629,627,679,643
2803,665,613,679,629
2804,615,665,681,629
2805,642,615,665,667
2806,666,614,643,680
2807,629,692,666,643
2808,644,629,681,666
2809,667,615,681,644
2810,630,667,693,644
2811,647,645,646,694
2812,648,594,668,646
2813,647,648,695,646
2814,649,647,648,696
2815,617,682,668,631
2816,648,617,669,668
2817,650,596,669,648
2818,649,650,697,648
2819,651,649,650,698
2820,632,631,652,682
2821,669,617,632,682
2822,618,683,669,632
2823,650,618,670,669
2824,653,599,670,650
2825,651,653,699,650
2826,654,651,653,700
2827,655,601,671,652
2828,632,655,701,652
2829,633,632,655,683
2830,670,618,633,683
2831,620,684,670,633
2832,653,620,672,670
2833,656,602,672,653
2834,654,656,702,653
2835,657,654,656,703
2836,655,621,673,671
2837,658,604,673,655
2838,633,658,704,655
2839,634,633,658,684
2840,672,620,634,684
2841,622,685,672,634
2842,656,622,674,672
2843,659,605,674,656
2844,657,659,705,656
2845,660,657,659,706
2846,658,623,675,673
2847,661,607,675,658
2848,634,661,707,658
2849,635,634,661,685
2850,674,622,635,685
2851,624,686,674,635
2852,659,624,676,674
2853,662,608,676,659
2854,660,662,708,659
2855,661,625,677,675
2856,663,610,677,661
2857,635,663,709,661
2858,636,635,663,686
2859,676,624,636,686
2860,626,687,676,636
2861,662,626,678,676
2862,663,628,680,677
2863,666,614,680,663
2864,636,666,710,663
2865,644,636,666,687
2866,678,626,644,687
2867,630,693,678,644
2868,639,688,689,638
2869,640,638,689,664
2870,690,639,689,640
2871,641,690,691,640
2872,665,613,664,679
2873,640,711,665,664
2874,642,640,691,665
2875,629,679,692,643
2876,665,629,679,681
2877,667,615,665,681
2878,642,712,667,665
2879,666,643,692,680
2880,681,629,692,666
2881,644,681,713,666
2882,667,644,681,693
2883,647,695,694,646
2884,648,646,668,695
2885,696,647,648,695
2886,649,697,696,648
2887,669,617,682,668
2888,648,669,714,668
2889,650,648,669,697
2890,698,649,650,697
2891,651,699,698,650
2892,632,701,682,652
2893,669,632,683,682
2894,670,618,683,669
2895,650,670,715,669
2896,653,650,670,699
2897,700,651,653,699
2898,654,702,700,653
2899,655,652,671,701
2900,683,632,655,701
2901,633,704,683,655
2902,670,633,684,683
2903,672,620,684,670
2904,653,672,716,670
2905,656,653,672,702
2906,703,654,656,702
2907,657,705,703,656
2908,655,673,717,671
2909,658,655,673,704
2910,684,633,658,704
2911,634,707,684,658
2912,672,634,685,684
2913,674,622,685,672
2914,656,674,718,672
2915,659,656,674,705
2916,706,657,659,705
2917,660,708,706,659
2918,658,675,719,673
2919,661,658,675,707
2920,685,634,661,707
2921,635,709,685,661
2922,674,635,686,685
2923,676,624,686,674
2924,659,676,720,674
2925,662,659,676,708
2926,661,677,721,675
2927,663,661,677,709
2928,686,635,663,709
2929,636,710,686,663
2930,676,636,687,686
2931,678,626,687,676
2932,662,678,722,676
2933,663,680,723,677
2934,666,663,680,710
2935,687,636,666,710
2936,644,713,687,666
2937,678,644,693,687
2938,690,639,688,689
2939,640,689,711,664
2940,690,640,689,691
2941,665,664,711,679
2942,691,640,711,665
2943,642,691,712,665
2944,681,629,679,692
2945,665,724,681,679
2946,667,665,712,681
2947,666,692,725,680
2948,681,666,692,713
2949,693,644,681,713
2950,667,726,693,681
2951,696,647,695,694
2952,648,714,695,668
2953,696,648,697,695
2954,698,649,697,696
2955,669,668,682,714
2956,697,648,669,714
2957,650,715,697,669
2958,698,650,699,697
2959,700,651,699,698
2960,683,632,701,682
2961,669,683,727,682
2962,670,669,683,715
2963,699,650,670,715
2964,653,716,699,670
2965,700,653,702,699
2966,703,654,702,700
2967,655,717,701,671
2968,683,655,704,701
2969,684,633,704,683
2970,670,684,728,683
2971,672,670,684,716
2972,702,653,672,716
2973,656,718,702,672
2974,703,656,705,702
2975,706,657,705,703
2976,704,655,673,717
2977,658,719,704,673
2978,684,658,707,704
2979,685,634,707,684
2980,672,685,729,684
2981,674,672,685,718
2982,705,656,674,718
2983,659,720,705,674
2984,706,659,708,705
2985,707,658,675,719
2986,661,721,707,675
2987,685,661,709,707
2988,686,635,709,685
2989,674,686,730,685
2990,676,674,686,720
2991,708,659,676,720
2992,662,722,708,676
2993,709,661,677,721
2994,663,723,709,677
2995,686,663,710,709
2996,687,636,710,686
2997,676,687,731,686
2998,678,676,687,722
2999,710,663,680,723
3000,666,725,710,680
3001,687,666,713,710
3002,693,644,713,687
3003,678,693,732,687
3004,690,688,733,689
3005,691,640,689,711
3006,690,734,691,689
3007,665,711,724,679
3008,691,665,711,712
3009,681,679,724,692
3010,712,665,724,681
3011,667,712,726,681
3012,713,666,692,725
3013,681,735,713,692
3014,693,681,726,713
3015,696,694,695,736
3016,697,648,714,695
3017,696,697,737,695
3018,698,696,697,738
3019,669,727,714,682
3020,697,669,715,714
3021,699,650,715,697
3022,698,699,739,697
3023,700,698,699,740
3024,683,682,701,727
3025,715,669,683,727
3026,670,728,715,683
3027,699,670,716,715
3028,702,653,716,699
3029,700,702,741,699
3030,703,700,702,742
3031,704,655,717,701
3032,683,704,743,701
3033,684,683,704,728
3034,716,670,684,728
3035,672,729,716,684
3036,702,672,718,716
3037,705,656,718,702
3038,703,705,744,702
3039,706,703,705,745
3040,704,673,719,717
3041,707,658,719,704
3042,684,707,746,704
3043,685,684,707,729
3044,718,672,685,729
3045,674,730,718,685
3046,705,674,720,718
3047,708,659,720,705
3048,706,708,747,705
3049,707,675,721,719
3050,709,661,721,707
3051,685,709,748,707
3052,686,685,709,730
3053,720,674,686,730
3054,676,731,720,686
3055,708,676,722,720
3056,709,677,723,721
3057,710,663,723,709
3058,686,710,749,709
3059,687,686,710,731
3060,722,676,687,731
3061,678,732,722,687
3062,710,680,725,723
3063,713,666,725,710
3064,687,713,750,710
3065,693,687,713,732
3066,690,733,734,689
3067,691,689,734,711
3068,712,665,711,724
3069,691,751,712,711
3070,681,724,735,692
3071,712,681,724,726
3072,713,692,735,725
3073,726,681,735,713
3074,693,726,752,713
3075,696,737,736,695
3076,697,695,714,737
3077,738,696,697,737
3078,698,739,738,697
3079,715,669,727,714
3080,697,715,753,714
3081,699,697,715,739
3082,740,698,699,739
3083,700,741,740,699
3084,683,743,727,701
3085,715,683,728,727
3086,716,670,728,715
3087,699,716,754,715
3088,702,699,716,741
3089,742,700,702,741
3090,703,744,742,702
3091,704,701,717,743
3092,728,683,704,743
3093,684,746,728,704
3094,716,684,729,728
3095,718,672,729,716
3096,702,718,755,716
3097,705,702,718,744
3098,745,703,705,744
3099,706,747,745,705
3100,704,719,756,717
3101,707,704,719,746
3102,729,684,707,746
3103,685,748,729,707
3104,718,685,730,729
3105,720,674,730,718
3106,705,720,757,718
3107,708,705,720,747
3108,707,721,758,719
3109,709,707,721,748
3110,730,685,709,748
3111,686,749,730,709
3112,720,686,731,730
3113,722,676,731,720
3114,708,722,759,720
3115,709,723,760,721
3116,710,709,723,749
3117,731,686,710,749
3118,687,750,731,710
3119,722,687,732,731
3120,710,725,761,723
3121,713,710,725,750
3122,732,687,713,750
3123,693,752,732,713
3124,691,734,751,711
3125,712,711,751,724
3126,726,681,724,735
3127,712,762,726,724
3128,713,735,763,725
3129,726,713,735,752
3130,738,696,737,736
3131,697,753,737,714
3132,738,697,739,737
3133,740,698,739,738
3134,715,714,727,753
3135,739,697,715,753
3136,699,754,739,715
3137,740,699,741,739
3138,742,700,741,740
3139,728,683,743,727
3140,715,728,764,727
3141,716,715,728,754
3142,741,699,716,754
3143,702,755,741,716
3144,742,702,744,741
3145,745,703,744,742
3146,704,756,743,717
3147,728,704,746,743
3148,729,684,746,728
3149,716,729,765,728
3150,718,716,729,755
3151,744,702,718,755
3152,705,757,744,718
3153,745,705,747,744
3154,746,704,719,756
3155,707,758,746,719
3156,729,707,748,746
3157,730,685,748,729
3158,718,730,766,729
3159,720,718,730,757
3160,747,705,720,757
3161,708,759,747,720
3162,748,707,721,758
3163,709,760,748,721
3164,730,709,749,748
3165,731,686,749,730
3166,720,731,767,730
3167,722,720,731,759
3168,749,709,723,760
3169,710,761,749,723
3170,731,710,750,749
3171,732,687,750,731
3172,722,732,768,731
3173,750,710,725,761
3174,713,763,750,725
3175,732,713,752,750
3176,712,751,762,724
3177,726,724,762,735
3178,752,713,735,763
3179,726,769,752,735
3180,738,736,737,770
3181,739,697,753,737
3182,738,739,771,737
3183,740,738,739,772
3184,715,764,753,727
3185,739,715,754,753
3186,741,699,754,739
3187,740,741,773,739
3188,742,740,741,774
3189,728,727,743,764
3190,754,715,728,764
3191,716,765,754,728
3192,741,716,755,754
3193,744,702,755,741
3194,742,744,775,741
3195,745,742,744,776
3196,746,704,756,743
3197,728,746,777,743
3198,729,728,746,765
3199,755,716,729,765
3200,718,766,755,729
3201,744,718,757,755
3202,747,705,757,744
3203,745,747,778,744
3204,746,719,758,756
3205,748,707,758,746
3206,729,748,779,746
3207,730,729,748,766
3208,757,718,730,766
3209,720,767,757,730
3210,747,720,759,757
3211,748,721,760,758
3212,749,709,760,748
3213,730,749,780,748
3214,731,730,749,767
3215,759,720,731,767
3216,722,768,759,731
3217,749,723,761,760
3218,750,710,761,749
3219,731,750,781,749
3220,732,731,750,768
3221,750,725,763,761
3222,752,713,763,750
3223,732,752,782,750
3224,726,762,769,735
3225,752,735,769,763
3226,738,771,770,737
3227,739,737,753,771
3228,772,738,739,771
3229,740,773,772,739
3230,754,715,764,753
3231,739,754,783,753
3232,741,739,754,773
3233,774,740,741,773
3234,742,775,774,741
3235,728,777,764,743
3236,754,728,765,764
3237,755,716,765,754
3238,741,755,784,754
3239,744,741,755,775
3240,776,742,744,775
3241,745,778,776,744
3242,746,743,756,777
3243,765,728,746,777
3244,729,779,765,746
3245,755,729,766,765
3246,757,718,766,755
3247,744,757,785,755
3248,747,744,757,778
3249,746,758,786,756
3250,748,746,758,779
3251,766,729,748,779
3252,730,780,766,748
3253,757,730,767,766
3254,759,720,767,757
3255,747,759,787,757
3256,748,760,788,758
3257,749,748,760,780
3258,767,730,749,780
3259,731,781,767,749
3260,759,731,768,767
3261,749,761,789,760
3262,750,749,761,781
3263,768,731,750,781
3264,732,782,768,750
3265,750,763,790,761
3266,752,750,763,782
3267,752,769,791,763
3268,772,738,771,770
3269,739,783,771,753
3270,772,739,773,771
3271,774,740,773,772
3272,754,753,764,783
3273,773,739,754,783
3274,741,784,773,754
3275,774,741,775,773
3276,776,742,775,774
3277,765,728,777,764
3278,754,765,792,764
3279,755,754,765,784
3280,775,741,755,784
3281,744,785,775,755
3282,776,744,778,775
3283,746,786,777,756
3284,765,746,779,777
3285,766,729,779,765
3286,755,766,793,765
3287,757,755,766,785
3288,778,744,757,785
3289,747,787,778,757
3290,779,746,758,786
3291,748,788,779,758
3292,766,748,780,779
3293,767,730,780,766
3294,757,767,794,766
3295,759,757,767,787
3296,780,748,760,788
3297,749,789,780,760
3298,767,749,781,780
3299,768,731,781,767
3300,759,768,795,767
3301,781,749,761,789
3302,750,790,781,761
3303,768,750,782,781
3304,782,750,763,790
3305,752,791,782,763
3306,772,770,771,796
3307,773,739,783,771
3308,772,773,797,771
3309,774,772,773,798
3310,754,792,783,764
3311,773,754,784,783
3312,775,741,784,773
3313,774,775,799,773
3314,776,774,775,800
3315,765,764,777,792
3316,784,754,765,792
3317,755,793,784,765
3318,775,755,785,784
3319,778,744,785,775
3320,776,778,801,775
3321,779,746,786,777
3322,765,779,802,777
3323,766,765,779,793
3324,785,755,766,793
3325,757,794,785,766
3326,778,757,787,785
3327,779,758,788,786
3328,780,748,788,779
3329,766,780,803,779
3330,767,766,780,794
3331,787,757,767,794
3332,759,795,787,767
3333,780,760,789,788
3334,781,749,789,780
3335,767,781,804,780
3336,768,767,781,795
3337,781,761,790,789
3338,782,750,790,781
3339,768,782,805,781
3340,782,763,791,790
3341,772,797,796,771
3342,773,771,783,797
3343,798,772,773,797
3344,774,799,798,773
3345,784,754,792,783
3346,773,784,806,783
3347,775,773,784,799
3348,800,774,775,799
3349,776,801,800,775
3350,765,802,792,777
3351,784,765,793,792
3352,785,755,793,784
3353,775,785,807,784
3354,778,775,785,801
3355,779,777,786,802
3356,793,765,779,802
3357,766,803,793,779
3358,785,766,794,793
3359,787,757,794,785
3360,778,787,808,785
3361,779,788,809,786
3362,780,779,788,803
3363,794,766,780,803
3364,767,804,794,780
3365,787,767,795,794
3366,780,789,810,788
3367,781,780,789,804
3368,795,767,781,804
3369,768,805,795,781
3370,781,790,811,789
3371,782,781,790,805
3372,782,791,812,790
3373,798,772,797,796
3374,773,806,797,783
3375,798,773,799,797
3376,800,774,799,798
3377,784,783,792,806
3378,799,773,784,806
3379,775,807,799,784
3380,800,775,801,799
3381,793,765,802,792
3382,784,793,813,792
3383,785,784,793,807
3384,801,775,785,807
3385,778,808,801,785
3386,779,809,802,786
3387,793,779,803,802
3388,794,766,803,793
3389,785,794,814,793
3390,787,785,794,808
3391,803,779,788,809
3392,780,810,803,788
3393,794,780,804,803
3394,795,767,804,794
3395,787,795,815,794
3396,804,780,789,810
3397,781,811,804,789
3398,795,781,805,804
3399,805,781,790,811
3400,782,812,805,790
3401,798,796,797,816
3402,799,773,806,797
3403,798,799,817,797
3404,800,798,799,818
3405,784,813,806,792
3406,799,784,807,806
3407,801,775,807,799
3408,800,801,819,799
3409,793,792,802,813
3410,807,784,793,813
3411,785,814,807,793
3412,801,785,808,807
3413,803,779,809,802
3414,793,803,820,802
3415,794,793,803,814
3416,808,785,794,814
3417,787,815,808,794
3418,803,788,810,809
3419,804,780,810,803
3420,794,804,821,803
3421,795,794,804,815
3422,804,789,811,810
3423,805,781,811,804
3424,795,805,822,804
3425,805,790,812,811
3426,798,817,816,797
3427,799,797,806,817
3428,818,798,799,817
3429,800,819,818,799
3430,807,784,813,806
3431,799,807,823,806
3432,801,799,807,819
3433,793,820,813,802
3434,807,793,814,813
3435,808,785,814,807
3436,801,808,824,807
3437,803,802,809,820
3438,814,793,803,820
3439,794,821,814,803
3440,808,794,815,814
3441,803,810,825,809
3442,804,803,810,821
3443,815,794,804,821
3444,795,822,815,804
3445,804,811,826,810
3446,805,804,811,822
3447,805,812,827,811
3448,818,798,817,816
3449,799,823,817,806
3450,818,799,819,817
3451,807,806,813,823
3452,819,799,807,823
3453,801,824,819,807
3454,814,793,820,813
3455,807,814,828,813
3456,808,807,814,824
3457,803,825,820,809
3458,814,803,821,820
3459,815,794,821,814
3460,808,815,829,814
3461,821,803,810,825
3462,804,826,821,810
3463,815,804,822,821
3464,822,804,811,826
3465,805,827,822,811
3466,818,816,817,830
3467,819,799,823,817
3468,818,819,831,817
3469,807,828,823,813
3470,819,807,824,823
3471,814,813,820,828
3472,824,807,814,828
3473,808,829,824,814
3474,821,803,825,820
3475,814,821,832,820
3476,815,814,821,829
3477,821,810,826,825
3478,822,804,826,821
3479,815,822,833,821
3480,822,811,827,826
3481,818,831,830,817
3482,819,817,823,831
3483,824,807,828,823
3484,819,824,834,823
3485,814,832,828,820
3486,824,814,829,828
3487,821,820,825,832
3488,829,814,821,832
3489,815,833,829,821
3490,821,826,835,825
3491,822,821,826,833
3492,822,827,836,826
3493,819,834,831,823
3494,824,823,828,834
3495,829,814,832,828
3496,824,829,837,828
3497,821,835,832,825
3498,829,821,833,832
3499,833,821,826,835
3500,822,836,833,826
3501,824,837,834,828
3502,829,828,832,837
3503,833,821,835,832
3504,829,833,838,832
3505,833,826,836,835
3506,829,838,837,832
3507,833,832,835,838
3508,833,836,839,835
3509,833,839,838,835
