cell_id,node_0,node_1,node_2,node_3
0,0,1,2,3
1,0,1,3,4
2,0,2,5,3
3,5,2,6,7
4,0,4,3,8
5,5,2,7,3
6,0,5,9,3
7,5,6,10,7
8,10,6,11,12
9,8,4,3,13
10,0,9,8,3
11,5,3,7,9
12,14,0,5,9
13,10,6,12,7
14,5,10,15,7
15,10,11,16,12
16,16,11,17,18
17,8,4,13,19
18,8,3,9,13
19,14,0,9,8
20,9,3,7,20
21,5,15,9,7
22,14,5,21,9
23,10,7,12,15
24,21,5,10,15
25,16,11,18,12
26,10,16,22,12
27,16,17,23,18
28,23,17,24,25
29,8,19,13,26
30,9,3,20,13
31,8,9,27,13
32,14,8,9,28
33,9,7,15,20
34,21,5,15,9
35,14,21,29,9
36,15,7,12,30
37,10,22,15,12
38,21,10,31,15
39,16,12,18,22
40,31,10,16,22
41,23,17,25,18
42,16,23,32,18
43,23,24,33,25
44,33,24,34,35
45,26,19,13,36
46,8,27,26,13
47,9,13,20,27
48,28,8,9,27
49,14,29,28,9
50,15,7,30,20
51,9,15,37,20
52,21,9,15,29
53,38,14,21,29
54,15,12,22,30
55,31,10,22,15
56,21,31,39,15
57,22,12,18,40
58,16,32,22,18
59,31,16,41,22
60,23,18,25,32
61,41,16,23,32
62,33,24,35,25
63,23,33,42,25
64,33,34,43,35
65,43,34,44,45
66,26,19,36,46
67,26,13,27,36
68,28,8,27,26
69,27,13,20,47
70,9,37,27,20
71,28,9,29,27
72,38,14,29,28
73,15,20,30,37
74,29,9,15,37
75,21,39,29,15
76,38,21,48,29
77,22,12,40,30
78,15,22,49,30
79,31,15,22,39
80,48,21,31,39
81,22,18,32,40
82,41,16,32,22
83,31,41,50,22
84,32,18,25,51
85,23,42,32,25
86,41,23,52,32
87,33,25,35,42
88,52,23,33,42
89,43,34,45,35
90,33,43,53,35
91,43,44,54,45
92,26,46,36,55
93,27,13,47,36
94,26,27,56,36
95,28,26,27,57
96,27,20,37,47
97,29,9,37,27
98,28,29,58,27
99,38,28,29,59
100,37,20,30,60
101,15,49,37,30
102,29,15,39,37
103,48,21,39,29
104,38,48,61,29
105,22,30,40,49
106,39,15,22,49
107,31,50,39,22
108,48,31,62,39
109,32,18,51,40
110,22,32,63,40
111,41,22,32,50
112,62,31,41,50
113,32,25,42,51
114,52,23,42,32
115,41,52,64,32
116,42,25,35,65
117,33,53,42,35
118,52,33,66,42
119,43,35,45,53
120,66,33,43,53
121,43,54,67,45
122,55,46,36,68
123,26,56,55,36
124,27,36,47,56
125,57,26,27,56
126,28,58,57,27
127,37,20,60,47
128,27,37,69,47
129,29,27,37,58
130,59,28,29,58
131,38,61,59,29
132,37,30,49,60
133,39,15,49,37
134,29,39,70,37
135,48,29,39,61
136,71,38,48,61
137,49,30,40,72
138,22,63,49,40
139,39,22,50,49
140,62,31,50,39
141,48,62,73,39
142,32,40,51,63
143,50,22,32,63
144,41,64,50,32
145,62,41,74,50
146,42,25,65,51
147,32,42,75,51
148,52,32,42,64
149,74,41,52,64
150,42,35,53,65
151,66,33,53,42
152,52,66,76,42
153,53,35,45,77
154,43,67,53,45
155,66,43,78,53
156,78,43,54,67
157,55,46,68,79
158,55,36,56,68
159,57,26,56,55
160,56,36,47,80
161,27,69,56,47
162,57,27,58,56
163,59,28,58,57
164,37,47,60,69
165,58,27,37,69
166,29,70,58,37
167,59,29,61,58
168,71,38,61,59
169,49,30,72,60
170,37,49,81,60
171,39,37,49,70
172,61,29,39,70
173,48,73,61,39
174,71,48,82,61
175,49,40,63,72
176,50,22,63,49
177,39,50,83,49
178,62,39,50,73
179,82,48,62,73
180,63,40,51,84
181,32,75,63,51
182,50,32,64,63
183,74,41,64,50
184,62,74,85,50
185,42,51,65,75
186,64,32,42,75
187,52,76,64,42
188,74,52,86,64
189,53,35,77,65
190,42,53,87,65
191,66,42,53,76
192,86,52,66,76
193,53,45,67,77
194,78,43,67,53
195,66,78,88,53
196,78,54,89,67
197,55,79,68,90
198,56,36,80,68
199,55,56,91,68
200,57,55,56,92
201,56,47,69,80
202,58,27,69,56
203,57,58,93,56
204,59,57,58,94
205,69,47,60,95
206,37,81,69,60
207,58,37,70,69
208,61,29,70,58
209,59,61,96,58
210,71,59,61,97
211,49,60,72,81
212,70,37,49,81
213,39,83,70,49
214,61,39,73,70
215,82,48,73,61
216,71,82,98,61
217,63,40,84,72
218,49,63,99,72
219,50,49,63,83
220,73,39,50,83
221,62,85,73,50
222,82,62,100,73
223,63,51,75,84
224,64,32,75,63
225,50,64,101,63
226,74,50,64,85
227,100,62,74,85
228,75,51,65,102
229,42,87,75,65
230,64,42,76,75
231,86,52,76,64
232,74,86,103,64
233,53,65,77,87
234,76,42,53,87
235,66,88,76,53
236,86,66,104,76
237,53,67,105,77
238,78,53,67,88
239,104,66,78,88
240,78,89,106,67
241,90,79,68,107
242,55,91,90,68
243,56,68,80,91
244,92,55,56,91
245,57,93,92,56
246,69,47,95,80
247,56,69,108,80
248,58,56,69,93
249,94,57,58,93
250,59,96,94,58
251,69,60,81,95
252,70,37,81,69
253,58,70,109,69
254,61,58,70,96
255,97,59,61,96
256,71,98,97,61
257,81,60,72,110
258,49,99,81,72
259,70,49,83,81
260,73,39,83,70
261,61,73,111,70
262,82,61,73,98
263,112,71,82,98
264,63,72,84,99
265,83,49,63,99
266,50,101,83,63
267,73,50,85,83
268,100,62,85,73
269,82,100,113,73
270,75,51,102,84
271,63,75,114,84
272,64,63,75,101
273,85,50,64,101
274,74,103,85,64
275,100,74,115,85
276,75,65,87,102
277,76,42,87,75
278,64,76,116,75
279,86,64,76,103
280,115,74,86,103
281,87,65,77,117
282,53,105,87,77
283,76,53,88,87
284,104,66,88,76
285,86,104,118,76
286,88,53,67,105
287,78,106,88,67
288,104,78,119,88
289,119,78,89,106
290,90,79,107,120
291,90,68,91,107
292,92,55,91,90
293,91,68,80,121
294,56,108,91,80
295,92,56,93,91
296,94,57,93,92
297,69,80,95,108
298,93,56,69,108
299,58,109,93,69
300,94,58,96,93
301,97,59,96,94
302,81,60,110,95
303,69,81,122,95
304,70,69,81,109
305,96,58,70,109
306,61,111,96,70
307,97,61,98,96
308,112,71,98,97
309,81,72,99,110
310,83,49,99,81
311,70,83,123,81
312,73,70,83,111
313,98,61,73,111
314,82,113,98,73
315,112,82,124,98
316,99,72,84,125
317,63,114,99,84
318,83,63,101,99
319,85,50,101,83
320,73,85,126,83
321,100,73,85,113
322,124,82,100,113
323,75,84,102,114
324,101,63,75,114
325,64,116,101,75
326,85,64,103,101
327,115,74,103,85
328,100,115,127,85
329,87,65,117,102
330,75,87,128,102
331,76,75,87,116
332,103,64,76,116
333,86,118,103,76
334,115,86,129,103
335,87,77,105,117
336,88,53,105,87
337,76,88,130,87
338,104,76,88,118
339,129,86,104,118
340,88,67,106,105
341,119,78,106,88
342,104,119,131,88
343,119,89,132,106
344,90,120,107,133
345,91,68,121,107
346,90,91,134,107
347,92,90,91,135
348,91,80,108,121
349,93,56,108,91
350,92,93,136,91
351,94,92,93,137
352,108,80,95,138
353,69,122,108,95
354,93,69,109,108
355,96,58,109,93
356,94,96,139,93
357,97,94,96,140
358,81,95,110,122
359,109,69,81,122
360,70,123,109,81
361,96,70,111,109
362,98,61,111,96
363,97,98,141,96
364,112,97,98,142
365,99,72,125,110
366,81,99,143,110
367,83,81,99,123
368,111,70,83,123
369,73,126,111,83
370,98,73,113,111
371,124,82,113,98
372,112,124,144,98
373,99,84,114,125
374,101,63,114,99
375,83,101,145,99
376,85,83,101,126
377,113,73,85,126
378,100,127,113,85
379,124,100,146,113
380,114,84,102,147
381,75,128,114,102
382,101,75,116,114
383,103,64,116,101
384,85,103,148,101
385,115,85,103,127
386,146,100,115,127
387,87,102,117,128
388,116,75,87,128
389,76,130,116,87
390,103,76,118,116
391,129,86,118,103
392,115,129,149,103
393,87,105,150,117
394,88,87,105,130
395,118,76,88,130
396,104,131,118,88
397,129,104,151,118
398,88,106,152,105
399,119,88,106,131
400,151,104,119,131
401,119,132,153,106
402,133,120,107,154
403,90,134,133,107
404,91,107,121,134
405,135,90,91,134
406,92,136,135,91
407,108,80,138,121
408,91,108,155,121
409,93,91,108,136
410,137,92,93,136
411,94,139,137,93
412,108,95,122,138
413,109,69,122,108
414,93,109,156,108
415,96,93,109,139
416,140,94,96,139
417,97,141,140,96
418,122,95,110,157
419,81,143,122,110
420,109,81,123,122
421,111,70,123,109
422,96,111,158,109
423,98,96,111,141
424,142,97,98,141
425,112,144,142,98
426,99,110,125,143
427,123,81,99,143
428,83,145,123,99
429,111,83,126,123
430,113,73,126,111
431,98,113,159,111
432,124,98,113,144
433,160,112,124,144
434,114,84,147,125
435,99,114,161,125
436,101,99,114,145
437,126,83,101,145
438,85,148,126,101
439,113,85,127,126
440,146,100,127,113
441,124,146,162,113
442,114,102,128,147
443,116,75,128,114
444,101,116,163,114
445,103,101,116,148
446,127,85,103,148
447,115,149,127,103
448,146,115,164,127
449,128,102,117,165
450,87,150,128,117
451,116,87,130,128
452,118,76,130,116
453,103,118,166,116
454,129,103,118,149
455,164,115,129,149
456,130,87,105,150
457,88,152,130,105
458,118,88,131,130
459,151,104,131,118
460,129,151,167,118
461,131,88,106,152
462,119,153,131,106
463,151,119,168,131
464,168,119,132,153
465,133,120,154,169
466,133,107,134,154
467,135,90,134,133
468,134,107,121,170
469,91,155,134,121
470,135,91,136,134
471,137,92,136,135
472,108,121,138,155
473,136,91,108,155
474,93,156,136,108
475,137,93,139,136
476,140,94,139,137
477,122,95,157,138
478,108,122,171,138
479,109,108,122,156
480,139,93,109,156
481,96,158,139,109
482,140,96,141,139
483,142,97,141,140
484,122,110,143,157
485,123,81,143,122
486,109,123,172,122
487,111,109,123,158
488,141,96,111,158
489,98,159,141,111
490,142,98,144,141
491,160,112,144,142
492,143,110,125,173
493,99,161,143,125
494,123,99,145,143
495,126,83,145,123
496,111,126,174,123
497,113,111,126,159
498,144,98,113,159
499,124,162,144,113
500,160,124,175,144
501,114,125,147,161
502,145,99,114,161
503,101,163,145,114
504,126,101,148,145
505,127,85,148,126
506,113,127,176,126
507,146,113,127,162
508,175,124,146,162
509,128,102,165,147
510,114,128,177,147
511,116,114,128,163
512,148,101,116,163
513,103,166,148,116
514,127,103,149,148
515,164,115,149,127
516,146,164,178,127
517,128,117,150,165
518,130,87,150,128
519,116,130,179,128
520,118,116,130,166
521,149,103,118,166
522,129,167,149,118
523,164,129,180,149
524,130,105,152,150
525,131,88,152,130
526,118,131,181,130
527,151,118,131,167
528,180,129,151,167
529,131,106,153,152
530,168,119,153,131
531,151,168,182,131
532,168,132,183,153
533,133,169,154,184
534,134,107,170,154
535,133,134,185,154
536,135,133,134,186
537,134,121,155,170
538,136,91,155,134
539,135,136,187,134
540,137,135,136,188
541,155,121,138,189
542,108,171,155,138
543,136,108,156,155
544,139,93,156,136
545,137,139,190,136
546,140,137,139,191
547,122,138,157,171
548,156,108,122,171
549,109,172,156,122
550,139,109,158,156
551,141,96,158,139
552,140,141,192,139
553,142,140,141,193
554,143,110,173,157
555,122,143,194,157
556,123,122,143,172
557,158,109,123,172
558,111,174,158,123
559,141,111,159,158
560,144,98,159,141
561,142,144,195,141
562,160,142,144,196
563,143,125,161,173
564,145,99,161,143
565,123,145,197,143
566,126,123,145,174
567,159,111,126,174
568,113,176,159,126
569,144,113,162,159
570,175,124,162,144
571,160,175,198,144
572,161,125,147,199
573,114,177,161,147
574,145,114,163,161
575,148,101,163,145
576,126,148,200,145
577,127,126,148,176
578,162,113,127,176
579,146,178,162,127
580,175,146,201,162
581,128,147,165,177
582,163,114,128,177
583,116,179,163,128
584,148,116,166,163
585,149,103,166,148
586,127,149,202,148
587,164,127,149,178
588,201,146,164,178
589,128,150,203,165
590,130,128,150,179
591,166,116,130,179
592,118,181,166,130
593,149,118,167,166
594,180,129,167,149
595,164,180,204,149
596,130,152,205,150
597,131,130,152,181
598,167,118,131,181
599,151,182,167,131
600,180,151,206,167
601,131,153,207,152
602,168,131,153,182
603,206,151,168,182
604,168,183,208,153
605,184,169,154,209
606,133,185,184,154
607,134,154,170,185
608,186,133,134,185
609,135,187,186,134
610,155,121,189,170
611,134,155,210,170
612,136,134,155,187
613,188,135,136,187
614,137,190,188,136
615,155,138,171,189
616,156,108,171,155
617,136,156,211,155
618,139,136,156,190
619,191,137,139,190
620,140,192,191,139
621,171,138,157,212
622,122,194,171,157
623,156,122,172,171
624,158,109,172,156
625,139,158,213,156
626,141,139,158,192
627,193,140,141,192
628,142,195,193,141
629,143,157,173,194
630,172,122,143,194
631,123,197,172,143
632,158,123,174,172
633,159,111,174,158
634,141,159,214,158
635,144,141,159,195
636,196,142,144,195
637,160,198,196,144
638,161,125,199,173
639,143,161,215,173
640,145,143,161,197
641,174,123,145,197
642,126,200,174,145
643,159,126,176,174
644,162,113,176,159
645,144,162,216,159
646,175,144,162,198
647,217,160,175,198
648,161,147,177,199
649,163,114,177,161
650,145,163,218,161
651,148,145,163,200
652,176,126,148,200
653,127,202,176,148
654,162,127,178,176
655,201,146,178,162
656,175,201,219,162
657,177,147,165,220
658,128,203,177,165
659,163,128,179,177
660,166,116,179,163
661,148,166,221,163
662,149,148,166,202
663,178,127,149,202
664,164,204,178,149
665,201,164,222,178
666,179,128,150,203
667,130,205,179,150
668,166,130,181,179
669,167,118,181,166
670,149,167,223,166
671,180,149,167,204
672,222,164,180,204
673,181,130,152,205
674,131,207,181,152
675,167,131,182,181
676,206,151,182,167
677,180,206,224,167
678,182,131,153,207
679,168,208,182,153
680,206,168,225,182
681,225,168,183,208
682,184,169,209,226
683,184,154,185,209
684,186,133,185,184
685,185,154,170,227
686,134,210,185,170
687,186,134,187,185
688,188,135,187,186
689,155,170,189,210
690,187,134,155,210
691,136,211,187,155
692,188,136,190,187
693,191,137,190,188
694,171,138,212,189
695,155,171,228,189
696,156,155,171,211
697,190,136,156,211
698,139,213,190,156
699,191,139,192,190
700,193,140,192,191
701,171,157,194,212
702,172,122,194,171
703,156,172,229,171
704,158,156,172,213
705,192,139,158,213
706,141,214,192,158
707,193,141,195,192
708,196,142,195,193
709,194,157,173,230
710,143,215,194,173
711,172,143,197,194
712,174,123,197,172
713,158,174,231,172
714,159,158,174,214
715,195,141,159,214
716,144,216,195,159
717,196,144,198,195
718,217,160,198,196
719,161,173,199,215
720,197,143,161,215
721,145,218,197,161
722,174,145,200,197
723,176,126,200,174
724,159,176,232,174
725,162,159,176,216
726,198,144,162,216
727,175,219,198,162
728,217,175,233,198
729,177,147,220,199
730,161,177,234,199
731,163,161,177,218
732,200,145,163,218
733,148,221,200,163
734,176,148,202,200
735,178,127,202,176
736,162,178,235,176
737,201,162,178,219
738,233,175,201,219
739,177,165,203,220
740,179,128,203,177
741,163,179,236,177
742,166,163,179,221
743,202,148,166,221
744,149,223,202,166
745,178,149,204,202
746,222,164,204,178
747,201,222,237,178
748,179,150,205,203
749,181,130,205,179
750,166,181,238,179
751,167,166,181,223
752,204,149,167,223
753,180,224,204,167
754,222,180,239,204
755,181,152,207,205
756,182,131,207,181
757,167,182,240,181
758,206,167,182,224
759,239,180,206,224
760,182,153,208,207
761,225,168,208,182
762,206,225,241,182
763,225,183,242,208
764,184,226,209,243
765,185,154,227,209
766,184,185,244,209
767,186,184,185,245
768,185,170,210,227
769,187,134,210,185
770,186,187,246,185
771,188,186,187,247
772,210,170,189,248
773,155,228,210,189
774,187,155,211,210
775,190,136,211,187
776,188,190,249,187
777,191,188,190,250
778,171,189,212,228
779,211,155,171,228
780,156,229,211,171
781,190,156,213,211
782,192,139,213,190
783,191,192,251,190
784,193,191,192,252
785,194,157,230,212
786,171,194,253,212
787,172,171,194,229
788,213,156,172,229
789,158,231,213,172
790,192,158,214,213
791,195,141,214,192
792,193,195,254,192
793,196,193,195,255
794,194,173,215,230
795,197,143,215,194
796,172,197,256,194
797,174,172,197,231
798,214,158,174,231
799,159,232,214,174
800,195,159,216,214
801,198,144,216,195
802,196,198,257,195
803,217,196,198,258
804,215,173,199,259
805,161,234,215,199
806,197,161,218,215
807,200,145,218,197
808,174,200,260,197
809,176,174,200,232
810,216,159,176,232
811,162,235,216,176
812,198,162,219,216
813,233,175,219,198
814,217,233,261,198
815,177,199,220,234
816,218,161,177,234
817,163,236,218,177
818,200,163,221,218
819,202,148,221,200
820,176,202,262,200
821,178,176,202,235
822,219,162,178,235
823,201,237,219,178
824,233,201,263,219
825,177,203,264,220
826,179,177,203,236
827,221,163,179,236
828,166,238,221,179
829,202,166,223,221
830,204,149,223,202
831,178,204,265,202
832,222,178,204,237
833,263,201,222,237
834,179,205,266,203
835,181,179,205,238
836,223,166,181,238
837,167,240,223,181
838,204,167,224,223
839,239,180,224,204
840,222,239,267,204
841,181,207,268,205
842,182,181,207,240
843,224,167,182,240
844,206,241,224,182
845,239,206,269,224
846,182,208,270,207
847,225,182,208,241
848,269,206,225,241
849,225,242,271,208
850,243,226,209,272
851,184,244,243,209
852,185,209,227,244
853,245,184,185,244
854,186,246,245,185
855,210,170,248,227
856,185,210,273,227
857,187,185,210,246
858,247,186,187,246
859,188,249,247,187
860,210,189,228,248
861,211,155,228,210
862,187,211,274,210
863,190,187,211,249
864,250,188,190,249
865,191,251,250,190
866,228,189,212,275
867,171,253,228,212
868,211,171,229,228
869,213,156,229,211
870,190,213,276,211
871,192,190,213,251
872,252,191,192,251
873,193,254,252,192
874,194,212,230,253
875,229,171,194,253
876,172,256,229,194
877,213,172,231,229
878,214,158,231,213
879,192,214,277,213
880,195,192,214,254
881,255,193,195,254
882,196,257,255,195
883,215,173,259,230
884,194,215,278,230
885,197,194,215,256
886,231,172,197,256
887,174,260,231,197
888,214,174,232,231
889,216,159,232,214
890,195,216,279,214
891,198,195,216,257
892,258,196,198,257
893,217,261,258,198
894,215,199,234,259
895,218,161,234,215
896,197,218,280,215
897,200,197,218,260
898,232,174,200,260
899,176,262,232,200
900,216,176,235,232
901,219,162,235,216
902,198,219,281,216
903,233,198,219,261
904,282,217,233,261
905,234,199,220,283
906,177,264,234,220
907,218,177,236,234
908,221,163,236,218
909,200,221,284,218
910,202,200,221,262
911,235,176,202,262
912,178,265,235,202
913,219,178,237,235
914,263,201,237,219
915,233,263,285,219
916,236,177,203,264
917,179,266,236,203
918,221,179,238,236
919,223,166,238,221
920,202,223,286,221
921,204,202,223,265
922,237,178,204,265
923,222,267,237,204
924,263,222,287,237
925,238,179,205,266
926,181,268,238,205
927,223,181,240,238
928,224,167,240,223
929,204,224,288,223
930,239,204,224,267
931,287,222,239,267
932,240,181,207,268
933,182,270,240,207
934,224,182,241,240
935,269,206,241,224
936,239,269,289,224
937,241,182,208,270
938,225,271,241,208
939,269,225,290,241
940,290,225,242,271
941,243,226,272,291
942,243,209,244,272
943,245,184,244,243
944,244,209,227,292
945,185,273,244,227
946,245,185,246,244
947,247,186,246,245
948,210,227,248,273
949,246,185,210,273
950,187,274,246,210
951,247,187,249,246
952,250,188,249,247
953,228,189,275,248
954,210,228,293,248
955,211,210,228,274
956,249,187,211,274
957,190,276,249,211
958,250,190,251,249
959,252,191,251,250
960,228,212,253,275
961,229,171,253,228
962,211,229,294,228
963,213,211,229,276
964,251,190,213,276
965,192,277,251,213
966,252,192,254,251
967,255,193,254,252
968,253,212,230,295
969,194,278,253,230
970,229,194,256,253
971,231,172,256,229
972,213,231,296,229
973,214,213,231,277
974,254,192,214,277
975,195,279,254,214
976,255,195,257,254
977,258,196,257,255
978,215,230,259,278
979,256,194,215,278
980,197,280,256,215
981,231,197,260,256
982,232,174,260,231
983,214,232,297,231
984,216,214,232,279
985,257,195,216,279
986,198,281,257,216
987,258,198,261,257
988,282,217,261,258
989,234,199,283,259
990,215,234,298,259
991,218,215,234,280
992,260,197,218,280
993,200,284,260,218
994,232,200,262,260
995,235,176,262,232
996,216,235,299,232
997,219,216,235,281
998,261,198,219,281
999,233,285,261,219
1000,282,233,300,261
1001,234,220,264,283
1002,236,177,264,234
1003,218,236,301,234
1004,221,218,236,284
1005,262,200,221,284
1006,202,286,262,221
1007,235,202,265,262
1008,237,178,265,235
1009,219,237,302,235
1010,263,219,237,285
1011,300,233,263,285
1012,236,203,266,264
1013,238,179,266,236
1014,221,238,303,236
1015,223,221,238,286
1016,265,202,223,286
1017,204,288,265,223
1018,237,204,267,265
1019,287,222,267,237
1020,263,287,304,237
1021,238,205,268,266
1022,240,181,268,238
1023,223,240,305,238
1024,224,223,240,288
1025,267,204,224,288
1026,239,289,267,224
1027,287,239,306,267
1028,240,207,270,268
1029,241,182,270,240
1030,224,241,307,240
1031,269,224,241,289
1032,306,239,269,289
1033,241,208,271,270
1034,290,225,271,241
1035,269,290,308,241
1036,290,242,309,271
1037,243,291,272,310
1038,244,209,292,272
1039,243,244,311,272
1040,245,243,244,312
1041,244,227,273,292
1042,246,185,273,244
1043,245,246,313,244
1044,247,245,246,314
1045,273,227,248,315
1046,210,293,273,248
1047,246,210,274,273
1048,249,187,274,246
1049,247,249,316,246
1050,250,247,249,317
1051,228,248,275,293
1052,274,210,228,293
1053,211,294,274,228
1054,249,211,276,274
1055,251,190,276,249
1056,250,251,318,249
1057,252,250,251,319
1058,253,212,295,275
1059,228,253,320,275
1060,229,228,253,294
1061,276,211,229,294
1062,213,296,276,229
1063,251,213,277,276
1064,254,192,277,251
1065,252,254,321,251
1066,255,252,254,322
1067,253,230,278,295
1068,256,194,278,253
1069,229,256,323,253
1070,231,229,256,296
1071,277,213,231,296
1072,214,297,277,231
1073,254,214,279,277
1074,257,195,279,254
1075,255,257,324,254
1076,258,255,257,325
1077,278,230,259,326
1078,215,298,278,259
1079,256,215,280,278
1080,260,197,280,256
1081,231,260,327,256
1082,232,231,260,297
1083,279,214,232,297
1084,216,299,279,232
1085,257,216,281,279
1086,261,198,281,257
1087,258,261,328,257
1088,282,258,261,329
1089,234,259,283,298
1090,280,215,234,298
1091,218,301,280,234
1092,260,218,284,280
1093,262,200,284,260
1094,232,262,330,260
1095,235,232,262,299
1096,281,216,235,299
1097,219,302,281,235
1098,261,219,285,281
1099,300,233,285,261
1100,282,300,331,261
1101,234,264,332,283
1102,236,234,264,301
1103,284,218,236,301
1104,221,303,284,236
1105,262,221,286,284
1106,265,202,286,262
1107,235,265,333,262
1108,237,235,265,302
1109,285,219,237,302
1110,263,304,285,237
1111,300,263,334,285
1112,236,266,335,264
1113,238,236,266,303
1114,286,221,238,303
1115,223,305,286,238
1116,265,223,288,286
1117,267,204,288,265
1118,237,267,336,265
1119,287,237,267,304
1120,334,263,287,304
1121,238,268,337,266
1122,240,238,268,305
1123,288,223,240,305
1124,224,307,288,240
1125,267,224,289,288
1126,306,239,289,267
1127,287,306,338,267
1128,240,270,339,268
1129,241,240,270,307
1130,289,224,241,307
1131,269,308,289,241
1132,306,269,340,289
1133,241,271,341,270
1134,290,241,271,308
1135,340,269,290,308
1136,290,309,342,271
1137,310,291,272,343
1138,243,311,310,272
1139,244,272,292,311
1140,312,243,244,311
1141,245,313,312,244
1142,273,227,315,292
1143,244,273,344,292
1144,246,244,273,313
1145,314,245,246,313
1146,247,316,314,246
1147,273,248,293,315
1148,274,210,293,273
1149,246,274,345,273
1150,249,246,274,316
1151,317,247,249,316
1152,250,318,317,249
1153,293,248,275,346
1154,228,320,293,275
1155,274,228,294,293
1156,276,211,294,274
1157,249,276,347,274
1158,251,249,276,318
1159,319,250,251,318
1160,252,321,319,251
1161,253,275,295,320
1162,294,228,253,320
1163,229,323,294,253
1164,276,229,296,294
1165,277,213,296,276
1166,251,277,348,276
1167,254,251,277,321
1168,322,252,254,321
1169,255,324,322,254
1170,278,230,326,295
1171,253,278,349,295
1172,256,253,278,323
1173,296,229,256,323
1174,231,327,296,256
1175,277,231,297,296
1176,279,214,297,277
1177,254,279,350,277
1178,257,254,279,324
1179,325,255,257,324
1180,258,328,325,257
1181,278,259,298,326
1182,280,215,298,278
1183,256,280,351,278
1184,260,256,280,327
1185,297,231,260,327
1186,232,330,297,260
1187,279,232,299,297
1188,281,216,299,279
1189,257,281,352,279
1190,261,257,281,328
1191,329,258,261,328
1192,282,331,329,261
1193,298,259,283,353
1194,234,332,298,283
1195,280,234,301,298
1196,284,218,301,280
1197,260,284,354,280
1198,262,260,284,330
1199,299,232,262,330
1200,235,333,299,262
1201,281,235,302,299
1202,285,219,302,281
1203,261,285,355,281
1204,300,261,285,331
1205,356,282,300,331
1206,301,234,264,332
1207,236,335,301,264
1208,284,236,303,301
1209,286,221,303,284
1210,262,286,357,284
1211,265,262,286,333
1212,302,235,265,333
1213,237,336,302,265
1214,285,237,304,302
1215,334,263,304,285
1216,300,334,358,285
1217,303,236,266,335
1218,238,337,303,266
1219,286,238,305,303
1220,288,223,305,286
1221,265,288,359,286
1222,267,265,288,336
1223,304,237,267,336
1224,287,338,304,267
1225,334,287,360,304
1226,305,238,268,337
1227,240,339,305,268
1228,288,240,307,305
1229,289,224,307,288
1230,267,289,361,288
1231,306,267,289,338
1232,360,287,306,338
1233,307,240,270,339
1234,241,341,307,270
1235,289,241,308,307
1236,340,269,308,289
1237,306,340,362,289
1238,308,241,271,341
1239,290,342,308,271
1240,340,290,363,308
1241,363,290,309,342
1242,310,291,343,364
1243,310,272,311,343
1244,312,243,311,310
1245,311,272,292,365
1246,244,344,311,292
1247,312,244,313,311
1248,314,245,313,312
1249,273,292,315,344
1250,313,244,273,344
1251,246,345,313,273
1252,314,246,316,313
1253,317,247,316,314
1254,293,248,346,315
1255,273,293,366,315
1256,274,273,293,345
1257,316,246,274,345
1258,249,347,316,274
1259,317,249,318,316
1260,319,250,318,317
1261,293,275,320,346
1262,294,228,320,293
1263,274,294,367,293
1264,276,274,294,347
1265,318,249,276,347
1266,251,348,318,276
1267,319,251,321,318
1268,322,252,321,319
1269,320,275,295,368
1270,253,349,320,295
1271,294,253,323,320
1272,296,229,323,294
1273,276,296,369,294
1274,277,276,296,348
1275,321,251,277,348
1276,254,350,321,277
1277,322,254,324,321
1278,325,255,324,322
1279,278,295,326,349
1280,323,253,278,349
1281,256,351,323,278
1282,296,256,327,323
1283,297,231,327,296
1284,277,297,370,296
1285,279,277,297,350
1286,324,254,279,350
1287,257,352,324,279
1288,325,257,328,324
1289,329,258,328,325
1290,298,259,353,326
1291,278,298,371,326
1292,280,278,298,351
1293,327,256,280,351
1294,260,354,327,280
1295,297,260,330,327
1296,299,232,330,297
1297,279,299,372,297
1298,281,279,299,352
1299,328,257,281,352
1300,261,355,328,281
1301,329,261,331,328
1302,356,282,331,329
1303,298,283,332,353
1304,301,234,332,298
1305,280,301,373,298
1306,284,280,301,354
1307,330,260,284,354
1308,262,357,330,284
1309,299,262,333,330
1310,302,235,333,299
1311,281,302,374,299
1312,285,281,302,355
1313,331,261,285,355
1314,300,358,331,285
1315,356,300,375,331
1316,301,264,335,332
1317,303,236,335,301
1318,284,303,376,301
1319,286,284,303,357
1320,333,262,286,357
1321,265,359,333,286
1322,302,265,336,333
1323,304,237,336,302
1324,285,304,377,302
1325,334,285,304,358
1326,375,300,334,358
1327,303,266,337,335
1328,305,238,337,303
1329,286,305,378,303
1330,288,286,305,359
1331,336,265,288,359
1332,267,361,336,288
1333,304,267,338,336
1334,360,287,338,304
1335,334,360,379,304
1336,305,268,339,337
1337,307,240,339,305
1338,288,307,380,305
1339,289,288,307,361
1340,338,267,289,361
1341,306,362,338,289
1342,360,306,381,338
1343,307,270,341,339
1344,308,241,341,307
1345,289,308,382,307
1346,340,289,308,362
1347,381,306,340,362
1348,308,271,342,341
1349,363,290,342,308
1350,340,363,383,308
1351,363,309,384,342
1352,310,364,343,385
1353,311,272,365,343
1354,310,311,386,343
1355,312,310,311,387
1356,311,292,344,365
1357,313,244,344,311
1358,312,313,388,311
1359,314,312,313,389
1360,344,292,315,390
1361,273,366,344,315
1362,313,273,345,344
1363,316,246,345,313
1364,314,316,391,313
1365,317,314,316,392
1366,293,315,346,366
1367,345,273,293,366
1368,274,367,345,293
1369,316,274,347,345
1370,318,249,347,316
1371,317,318,393,316
1372,319,317,318,394
1373,320,275,368,346
1374,293,320,395,346
1375,294,293,320,367
1376,347,274,294,367
1377,276,369,347,294
1378,318,276,348,347
1379,321,251,348,318
1380,319,321,396,318
1381,322,319,321,397
1382,320,295,349,368
1383,323,253,349,320
1384,294,323,398,320
1385,296,294,323,369
1386,348,276,296,369
1387,277,370,348,296
1388,321,277,350,348
1389,324,254,350,321
1390,322,324,399,321
1391,325,322,324,400
1392,349,295,326,401
1393,278,371,349,326
1394,323,278,351,349
1395,327,256,351,323
1396,296,327,402,323
1397,297,296,327,370
1398,350,277,297,370
1399,279,372,350,297
1400,324,279,352,350
1401,328,257,352,324
1402,325,328,403,324
1403,329,325,328,404
1404,298,326,353,371
1405,351,278,298,371
1406,280,373,351,298
1407,327,280,354,351
1408,330,260,354,327
1409,297,330,405,327
1410,299,297,330,372
1411,352,279,299,372
1412,281,374,352,299
1413,328,281,355,352
1414,331,261,355,328
1415,329,331,406,328
1416,356,329,331,407
1417,298,332,408,353
1418,301,298,332,373
1419,354,280,301,373
1420,284,376,354,301
1421,330,284,357,354
1422,333,262,357,330
1423,299,333,409,330
1424,302,299,333,374
1425,355,281,302,374
1426,285,377,355,302
1427,331,285,358,355
1428,375,300,358,331
1429,356,375,410,331
1430,301,335,411,332
1431,303,301,335,376
1432,357,284,303,376
1433,286,378,357,303
1434,333,286,359,357
1435,336,265,359,333
1436,302,336,412,333
1437,304,302,336,377
1438,358,285,304,377
1439,334,379,358,304
1440,375,334,413,358
1441,303,337,414,335
1442,305,303,337,378
1443,359,286,305,378
1444,288,380,359,305
1445,336,288,361,359
1446,338,267,361,336
1447,304,338,415,336
1448,360,304,338,379
1449,413,334,360,379
1450,305,339,416,337
1451,307,305,339,380
1452,361,288,307,380
1453,289,382,361,307
1454,338,289,362,361
1455,381,306,362,338
1456,360,381,417,338
1457,307,341,418,339
1458,308,307,341,382
1459,362,289,308,382
1460,340,383,362,308
1461,381,340,419,362
1462,308,342,420,341
1463,363,308,342,383
1464,419,340,363,383
1465,363,384,421,342
1466,385,364,343,422
1467,310,386,385,343
1468,311,343,365,386
1469,387,310,311,386
1470,312,388,387,311
1471,344,292,390,365
1472,311,344,423,365
1473,313,311,344,388
1474,389,312,313,388
1475,314,391,389,313
1476,344,315,366,390
1477,345,273,366,344
1478,313,345,424,344
1479,316,313,345,391
1480,392,314,316,391
1481,317,393,392,316
1482,366,315,346,425
1483,293,395,366,346
1484,345,293,367,366
1485,347,274,367,345
1486,316,347,426,345
1487,318,316,347,393
1488,394,317,318,393
1489,319,396,394,318
1490,320,346,368,395
1491,367,293,320,395
1492,294,398,367,320
1493,347,294,369,367
1494,348,276,369,347
1495,318,348,427,347
1496,321,318,348,396
1497,397,319,321,396
1498,322,399,397,321
1499,349,295,401,368
1500,320,349,428,368
1501,323,320,349,398
1502,369,294,323,398
1503,296,402,369,323
1504,348,296,370,369
1505,350,277,370,348
1506,321,350,429,348
1507,324,321,350,399
1508,400,322,324,399
1509,325,403,400,324
1510,349,326,371,401
1511,351,278,371,349
1512,323,351,430,349
1513,327,323,351,402
1514,370,296,327,402
1515,297,405,370,327
1516,350,297,372,370
1517,352,279,372,350
1518,324,352,431,350
1519,328,324,352,403
1520,404,325,328,403
1521,329,406,404,328
1522,371,326,353,432
1523,298,408,371,353
1524,351,298,373,371
1525,354,280,373,351
1526,327,354,433,351
1527,330,327,354,405
1528,372,297,330,405
1529,299,409,372,330
1530,352,299,374,372
1531,355,281,374,352
1532,328,355,434,352
1533,331,328,355,406
1534,407,329,331,406
1535,356,410,407,331
1536,373,298,332,408
1537,301,411,373,332
1538,354,301,376,373
1539,357,284,376,354
1540,330,357,435,354
1541,333,330,357,409
1542,374,299,333,409
1543,302,412,374,333
1544,355,302,377,374
1545,358,285,377,355
1546,331,358,436,355
1547,375,331,358,410
1548,437,356,375,410
1549,376,301,335,411
1550,303,414,376,335
1551,357,303,378,376
1552,359,286,378,357
1553,333,359,438,357
1554,336,333,359,412
1555,377,302,336,412
1556,304,415,377,336
1557,358,304,379,377
1558,413,334,379,358
1559,375,413,439,358
1560,378,303,337,414
1561,305,416,378,337
1562,359,305,380,378
1563,361,288,380,359
1564,336,361,440,359
1565,338,336,361,415
1566,379,304,338,415
1567,360,417,379,338
1568,413,360,441,379
1569,380,305,339,416
1570,307,418,380,339
1571,361,307,382,380
1572,362,289,382,361
1573,338,362,442,361
1574,381,338,362,417
1575,441,360,381,417
1576,382,307,341,418
1577,308,420,382,341
1578,362,308,383,382
1579,419,340,383,362
1580,381,419,443,362
1581,383,308,342,420
1582,363,421,383,342
1583,419,363,444,383
1584,444,363,384,421
1585,385,364,422,445
1586,385,343,386,422
1587,387,310,386,385
1588,386,343,365,446
1589,311,423,386,365
1590,387,311,388,386
1591,389,312,388,387
1592,344,365,390,423
1593,388,311,344,423
1594,313,424,388,344
1595,389,313,391,388
1596,392,314,391,389
1597,366,315,425,390
1598,344,366,447,390
1599,345,344,366,424
1600,391,313,345,424
1601,316,426,391,345
1602,392,316,393,391
1603,394,317,393,392
1604,366,346,395,425
1605,367,293,395,366
1606,345,367,448,366
1607,347,345,367,426
1608,393,316,347,426
1609,318,427,393,347
1610,394,318,396,393
1611,397,319,396,394
1612,395,346,368,449
1613,320,428,395,368
1614,367,320,398,395
1615,369,294,398,367
1616,347,369,450,367
1617,348,347,369,427
1618,396,318,348,427
1619,321,429,396,348
1620,397,321,399,396
1621,400,322,399,397
1622,349,368,401,428
1623,398,320,349,428
1624,323,430,398,349
1625,369,323,402,398
1626,370,296,402,369
1627,348,370,451,369
1628,350,348,370,429
1629,399,321,350,429
1630,324,431,399,350
1631,400,324,403,399
1632,404,325,403,400
1633,371,326,432,401
1634,349,371,452,401
1635,351,349,371,430
1636,402,323,351,430
1637,327,433,402,351
1638,370,327,405,402
1639,372,297,405,370
1640,350,372,453,370
1641,352,350,372,431
1642,403,324,352,431
1643,328,434,403,352
1644,404,328,406,403
1645,407,329,406,404
1646,371,353,408,432
1647,373,298,408,371
1648,351,373,454,371
1649,354,351,373,433
1650,405,327,354,433
1651,330,435,405,354
1652,372,330,409,405
1653,374,299,409,372
1654,352,374,455,372
1655,355,352,374,434
1656,406,328,355,434
1657,331,436,406,355
1658,407,331,410,406
1659,437,356,410,407
1660,373,332,411,408
1661,376,301,411,373
1662,354,376,456,373
1663,357,354,376,435
1664,409,330,357,435
1665,333,438,409,357
1666,374,333,412,409
1667,377,302,412,374
1668,355,377,457,374
1669,358,355,377,436
1670,410,331,358,436
1671,375,439,410,358
1672,437,375,458,410
1673,376,335,414,411
1674,378,303,414,376
1675,357,378,459,376
1676,359,357,378,438
1677,412,333,359,438
1678,336,440,412,359
1679,377,336,415,412
1680,379,304,415,377
1681,358,379,460,377
1682,413,358,379,439
1683,458,375,413,439
1684,378,337,416,414
1685,380,305,416,378
1686,359,380,461,378
1687,361,359,380,440
1688,415,336,361,440
1689,338,442,415,361
1690,379,338,417,415
1691,441,360,417,379
1692,413,441,462,379
1693,380,339,418,416
1694,382,307,418,380
1695,361,382,463,380
1696,362,361,382,442
1697,417,338,362,442
1698,381,443,417,362
1699,441,381,464,417
1700,382,341,420,418
1701,383,308,420,382
1702,362,383,465,382
1703,419,362,383,443
1704,464,381,419,443
1705,383,342,421,420
1706,444,363,421,383
1707,419,444,466,383
1708,444,384,467,421
1709,385,445,422,468
1710,386,343,446,422
1711,385,386,469,422
1712,387,385,386,470
1713,386,365,423,446
1714,388,311,423,386
1715,387,388,471,386
1716,389,387,388,472
1717,423,365,390,473
1718,344,447,423,390
1719,388,344,424,423
1720,391,313,424,388
1721,389,391,474,388
1722,392,389,391,475
1723,366,390,425,447
1724,424,344,366,447
1725,345,448,424,366
1726,391,345,426,424
1727,393,316,426,391
1728,392,393,476,391
1729,394,392,393,477
1730,395,346,449,425
1731,366,395,478,425
1732,367,366,395,448
1733,426,345,367,448
1734,347,450,426,367
1735,393,347,427,426
1736,396,318,427,393
1737,394,396,479,393
1738,397,394,396,480
1739,395,368,428,449
1740,398,320,428,395
1741,367,398,481,395
1742,369,367,398,450
1743,427,347,369,450
1744,348,451,427,369
1745,396,348,429,427
1746,399,321,429,396
1747,397,399,482,396
1748,400,397,399,483
1749,428,368,401,484
1750,349,452,428,401
1751,398,349,430,428
1752,402,323,430,398
1753,369,402,485,398
1754,370,369,402,451
1755,429,348,370,451
1756,350,453,429,370
1757,399,350,431,429
1758,403,324,431,399
1759,400,403,486,399
1760,404,400,403,487
1761,371,401,432,452
1762,430,349,371,452
1763,351,454,430,371
1764,402,351,433,430
1765,405,327,433,402
1766,370,405,488,402
1767,372,370,405,453
1768,431,350,372,453
1769,352,455,431,372
1770,403,352,434,431
1771,406,328,434,403
1772,404,406,489,403
1773,407,404,406,490
1774,371,408,491,432
1775,373,371,408,454
1776,433,351,373,454
1777,354,456,433,373
1778,405,354,435,433
1779,409,330,435,405
1780,372,409,492,405
1781,374,372,409,455
1782,434,352,374,455
1783,355,457,434,374
1784,406,355,436,434
1785,410,331,436,406
1786,407,410,493,406
1787,437,407,410,494
1788,373,411,495,408
1789,376,373,411,456
1790,435,354,376,456
1791,357,459,435,376
1792,409,357,438,435
1793,412,333,438,409
1794,374,412,496,409
1795,377,374,412,457
1796,436,355,377,457
1797,358,460,436,377
1798,410,358,439,436
1799,458,375,439,410
1800,437,458,497,410
1801,376,414,498,411
1802,378,376,414,459
1803,438,357,378,459
1804,359,461,438,378
1805,412,359,440,438
1806,415,336,440,412
1807,377,415,499,412
1808,379,377,415,460
1809,439,358,379,460
1810,413,462,439,379
1811,458,413,500,439
1812,378,416,501,414
1813,380,378,416,461
1814,440,359,380,461
1815,361,463,440,380
1816,415,361,442,440
1817,417,338,442,415
1818,379,417,502,415
1819,441,379,417,462
1820,500,413,441,462
1821,380,418,503,416
1822,382,380,418,463
1823,442,361,382,463
1824,362,465,442,382
1825,417,362,443,442
1826,464,381,443,417
1827,441,464,504,417
1828,382,420,505,418
1829,383,382,420,465
1830,443,362,383,465
1831,419,466,443,383
1832,464,419,506,443
1833,383,421,507,420
1834,444,383,421,466
1835,506,419,444,466
1836,444,467,508,421
1837,468,445,422,509
1838,385,469,468,422
1839,386,422,446,469
1840,470,385,386,469
1841,387,471,470,386
1842,423,365,473,446
1843,386,423,510,446
1844,388,386,423,471
1845,472,387,388,471
1846,389,474,472,388
1847,423,390,447,473
1848,424,344,447,423
1849,388,424,511,423
1850,391,388,424,474
1851,475,389,391,474
1852,392,476,475,391
1853,447,390,425,512
1854,366,478,447,425
1855,424,366,448,447
1856,426,345,448,424
1857,391,426,513,424
1858,393,391,426,476
1859,477,392,393,476
1860,394,479,477,393
1861,395,425,449,478
1862,448,366,395,478
1863,367,481,448,395
1864,426,367,450,448
1865,427,347,450,426
1866,393,427,514,426
1867,396,393,427,479
1868,480,394,396,479
1869,397,482,480,396
1870,428,368,484,449
1871,395,428,515,449
1872,398,395,428,481
1873,450,367,398,481
1874,369,485,450,398
1875,427,369,451,450
1876,429,348,451,427
1877,396,429,516,427
1878,399,396,429,482
1879,483,397,399,482
1880,400,486,483,399
1881,428,401,452,484
1882,430,349,452,428
1883,398,430,517,428
1884,402,398,430,485
1885,451,369,402,485
1886,370,488,451,402
1887,429,370,453,451
1888,431,350,453,429
1889,399,431,518,429
1890,403,399,431,486
1891,487,400,403,486
1892,404,489,487,403
1893,452,401,432,519
1894,371,491,452,432
1895,430,371,454,452
1896,433,351,454,430
1897,402,433,520,430
1898,405,402,433,488
1899,453,370,405,488
1900,372,492,453,405
1901,431,372,455,453
1902,434,352,455,431
1903,403,434,521,431
1904,406,403,434,489
1905,490,404,406,489
1906,407,493,490,406
1907,454,371,408,491
1908,373,495,454,408
1909,433,373,456,454
1910,435,354,456,433
1911,405,435,522,433
1912,409,405,435,492
1913,455,372,409,492
1914,374,496,455,409
1915,434,374,457,455
1916,436,355,457,434
1917,406,436,523,434
1918,410,406,436,493
1919,494,407,410,493
1920,437,497,494,410
1921,456,373,411,495
1922,376,498,456,411
1923,435,376,459,456
1924,438,357,459,435
1925,409,438,524,435
1926,412,409,438,496
1927,457,374,412,496
1928,377,499,457,412
1929,436,377,460,457
1930,439,358,460,436
1931,410,439,525,436
1932,458,410,439,497
1933,459,376,414,498
1934,378,501,459,414
1935,438,378,461,459
1936,440,359,461,438
1937,412,440,526,438
1938,415,412,440,499
1939,460,377,415,499
1940,379,502,460,415
1941,439,379,462,460
1942,500,413,462,439
1943,458,500,527,439
1944,461,378,416,501
1945,380,503,461,416
1946,440,380,463,461
1947,442,361,463,440
1948,415,442,528,440
1949,417,415,442,502
1950,462,379,417,502
1951,441,504,462,417
1952,500,441,529,462
1953,463,380,418,503
1954,382,505,463,418
1955,442,382,465,463
1956,443,362,465,442
1957,417,443,530,442
1958,464,417,443,504
1959,529,441,464,504
1960,465,382,420,505
1961,383,507,465,420
1962,443,383,466,465
1963,506,419,466,443
1964,464,506,531,443
1965,466,383,421,507
1966,444,508,466,421
1967,506,444,532,466
1968,532,444,467,508
1969,468,445,509,533
1970,468,422,469,509
1971,470,385,469,468
1972,469,422,446,534
1973,386,510,469,446
1974,470,386,471,469
1975,472,387,471,470
1976,423,446,473,510
1977,471,386,423,510
1978,388,511,471,423
1979,472,388,474,471
1980,475,389,474,472
1981,447,390,512,473
1982,423,447,535,473
1983,424,423,447,511
1984,474,388,424,511
1985,391,513,474,424
1986,475,391,476,474
1987,477,392,476,475
1988,447,425,478,512
1989,448,366,478,447
1990,424,448,536,447
1991,426,424,448,513
1992,476,391,426,513
1993,393,514,476,426
1994,477,393,479,476
1995,480,394,479,477
1996,478,425,449,537
1997,395,515,478,449
1998,448,395,481,478
1999,450,367,481,448
2000,426,450,538,448
2001,427,426,450,514
2002,479,393,427,514
2003,396,516,479,427
2004,480,396,482,479
2005,483,397,482,480
2006,428,449,484,515
2007,481,395,428,515
2008,398,517,481,428
2009,450,398,485,481
2010,451,369,485,450
2011,427,451,539,450
2012,429,427,451,516
2013,482,396,429,516
2014,399,518,482,429
2015,483,399,486,482
2016,487,400,486,483
2017,452,401,519,484
2018,428,452,540,484
2019,430,428,452,517
2020,485,398,430,517
2021,402,520,485,430
2022,451,402,488,485
2023,453,370,488,451
2024,429,453,541,451
2025,431,429,453,518
2026,486,399,431,518
2027,403,521,486,431
2028,487,403,489,486
2029,490,404,489,487
2030,452,432,491,519
2031,454,371,491,452
2032,430,454,542,452
2033,433,430,454,520
2034,488,402,433,520
2035,405,522,488,433
2036,453,405,492,488
2037,455,372,492,453
2038,431,455,543,453
2039,434,431,455,521
2040,489,403,434,521
2041,406,523,489,434
2042,490,406,493,489
2043,494,407,493,490
2044,454,408,495,491
2045,456,373,495,454
2046,433,456,544,454
2047,435,433,456,522
2048,492,405,435,522
2049,409,524,492,435
2050,455,409,496,492
2051,457,374,496,455
2052,434,457,545,455
2053,436,434,457,523
2054,493,406,436,523
2055,410,525,493,436
2056,494,410,497,493
2057,456,411,498,495
2058,459,376,498,456
2059,435,459,546,456
2060,438,435,459,524
2061,496,409,438,524
2062,412,526,496,438
2063,457,412,499,496
2064,460,377,499,457
2065,436,460,547,457
2066,439,436,460,525
2067,497,410,439,525
2068,458,527,497,439
2069,459,414,501,498
2070,461,378,501,459
2071,438,461,548,459
2072,440,438,461,526
2073,499,412,440,526
2074,415,528,499,440
2075,460,415,502,499
2076,462,379,502,460
2077,439,462,549,460
2078,500,439,462,527
2079,461,416,503,501
2080,463,380,503,461
2081,440,463,550,461
2082,442,440,463,528
2083,502,415,442,528
2084,417,530,502,442
2085,462,417,504,502
2086,529,441,504,462
2087,500,529,551,462
2088,463,418,505,503
2089,465,382,505,463
2090,442,465,552,463
2091,443,442,465,530
2092,504,417,443,530
2093,464,531,504,443
2094,529,464,553,504
2095,465,420,507,505
2096,466,383,507,465
2097,443,466,554,465
2098,506,443,466,531
2099,553,464,506,531
2100,466,421,508,507
2101,532,444,508,466
2102,506,532,555,466
2103,532,467,556,508
2104,468,533,509,557
2105,469,422,534,509
2106,468,469,558,509
2107,470,468,469,559
2108,469,446,510,534
2109,471,386,510,469
2110,470,471,560,469
2111,472,470,471,561
2112,510,446,473,562
2113,423,535,510,473
2114,471,423,511,510
2115,474,388,511,471
2116,472,474,563,471
2117,475,472,474,564
2118,447,473,512,535
2119,511,423,447,535
2120,424,536,511,447
2121,474,424,513,511
2122,476,391,513,474
2123,475,476,565,474
2124,477,475,476,566
2125,478,425,537,512
2126,447,478,567,512
2127,448,447,478,536
2128,513,424,448,536
2129,426,538,513,448
2130,476,426,514,513
2131,479,393,514,476
2132,477,479,568,476
2133,480,477,479,569
2134,478,449,515,537
2135,481,395,515,478
2136,448,481,570,478
2137,450,448,481,538
2138,514,426,450,538
2139,427,539,514,450
2140,479,427,516,514
2141,482,396,516,479
2142,480,482,571,479
2143,483,480,482,572
2144,515,449,484,573
2145,428,540,515,484
2146,481,428,517,515
2147,485,398,517,481
2148,450,485,574,481
2149,451,450,485,539
2150,516,427,451,539
2151,429,541,516,451
2152,482,429,518,516
2153,486,399,518,482
2154,483,486,575,482
2155,487,483,486,576
2156,452,484,519,540
2157,517,428,452,540
2158,430,542,517,452
2159,485,430,520,517
2160,488,402,520,485
2161,451,488,577,485
2162,453,451,488,541
2163,518,429,453,541
2164,431,543,518,453
2165,486,431,521,518
2166,489,403,521,486
2167,487,489,578,486
2168,490,487,489,579
2169,452,491,580,519
2170,454,452,491,542
2171,520,430,454,542
2172,433,544,520,454
2173,488,433,522,520
2174,492,405,522,488
2175,453,492,581,488
2176,455,453,492,543
2177,521,431,455,543
2178,434,545,521,455
2179,489,434,523,521
2180,493,406,523,489
2181,490,493,582,489
2182,494,490,493,583
2183,454,495,584,491
2184,456,454,495,544
2185,522,433,456,544
2186,435,546,522,456
2187,492,435,524,522
2188,496,409,524,492
2189,455,496,585,492
2190,457,455,496,545
2191,523,434,457,545
2192,436,547,523,457
2193,493,436,525,523
2194,497,410,525,493
2195,494,497,586,493
2196,456,498,587,495
2197,459,456,498,546
2198,524,435,459,546
2199,438,548,524,459
2200,496,438,526,524
2201,499,412,526,496
2202,457,499,588,496
2203,460,457,499,547
2204,525,436,460,547
2205,439,549,525,460
2206,497,439,527,525
2207,459,501,589,498
2208,461,459,501,548
2209,526,438,461,548
2210,440,550,526,461
2211,499,440,528,526
2212,502,415,528,499
2213,460,502,590,499
2214,462,460,502,549
2215,527,439,462,549
2216,500,551,527,462
2217,461,503,591,501
2218,463,461,503,550
2219,528,440,463,550
2220,442,552,528,463
2221,502,442,530,528
2222,504,417,530,502
2223,462,504,592,502
2224,529,462,504,551
2225,463,505,593,503
2226,465,463,505,552
2227,530,442,465,552
2228,443,554,530,465
2229,504,443,531,530
2230,553,464,531,504
2231,529,553,594,504
2232,465,507,595,505
2233,466,465,507,554
2234,531,443,466,554
2235,506,555,531,466
2236,553,506,596,531
2237,466,508,597,507
2238,532,466,508,555
2239,596,506,532,555
2240,532,556,598,508
2241,468,558,557,509
2242,469,509,534,558
2243,559,468,469,558
2244,470,560,559,469
2245,510,446,562,534
2246,469,510,599,534
2247,471,469,510,560
2248,561,470,471,560
2249,472,563,561,471
2250,510,473,535,562
2251,511,423,535,510
2252,471,511,600,510
2253,474,471,511,563
2254,564,472,474,563
2255,475,565,564,474
2256,535,473,512,601
2257,447,567,535,512
2258,511,447,536,535
2259,513,424,536,511
2260,474,513,602,511
2261,476,474,513,565
2262,566,475,476,565
2263,477,568,566,476
2264,478,512,537,567
2265,536,447,478,567
2266,448,570,536,478
2267,513,448,538,536
2268,514,426,538,513
2269,476,514,603,513
2270,479,476,514,568
2271,569,477,479,568
2272,480,571,569,479
2273,515,449,573,537
2274,478,515,604,537
2275,481,478,515,570
2276,538,448,481,570
2277,450,574,538,481
2278,514,450,539,538
2279,516,427,539,514
2280,479,516,605,514
2281,482,479,516,571
2282,572,480,482,571
2283,483,575,572,482
2284,515,484,540,573
2285,517,428,540,515
2286,481,517,606,515
2287,485,481,517,574
2288,539,450,485,574
2289,451,577,539,485
2290,516,451,541,539
2291,518,429,541,516
2292,482,518,607,516
2293,486,482,518,575
2294,576,483,486,575
2295,487,578,576,486
2296,540,484,519,608
2297,452,580,540,519
2298,517,452,542,540
2299,520,430,542,517
2300,485,520,609,517
2301,488,485,520,577
2302,541,451,488,577
2303,453,581,541,488
2304,518,453,543,541
2305,521,431,543,518
2306,486,521,610,518
2307,489,486,521,578
2308,579,487,489,578
2309,490,582,579,489
2310,542,452,491,580
2311,454,584,542,491
2312,520,454,544,542
2313,522,433,544,520
2314,488,522,611,520
2315,492,488,522,581
2316,543,453,492,581
2317,455,585,543,492
2318,521,455,545,543
2319,523,434,545,521
2320,489,523,612,521
2321,493,489,523,582
2322,583,490,493,582
2323,494,586,583,493
2324,544,454,495,584
2325,456,587,544,495
2326,522,456,546,544
2327,524,435,546,522
2328,492,524,613,522
2329,496,492,524,585
2330,545,455,496,585
2331,457,588,545,496
2332,523,457,547,545
2333,525,436,547,523
2334,493,525,614,523
2335,497,493,525,586
2336,546,456,498,587
2337,459,589,546,498
2338,524,459,548,546
2339,526,438,548,524
2340,496,526,615,524
2341,499,496,526,588
2342,547,457,499,588
2343,460,590,547,499
2344,525,460,549,547
2345,527,439,549,525
2346,497,527,616,525
2347,548,459,501,589
2348,461,591,548,501
2349,526,461,550,548
2350,528,440,550,526
2351,499,528,617,526
2352,502,499,528,590
2353,549,460,502,590
2354,462,592,549,502
2355,527,462,551,549
2356,550,461,503,591
2357,463,593,550,503
2358,528,463,552,550
2359,530,442,552,528
2360,502,530,618,528
2361,504,502,530,592
2362,551,462,504,592
2363,529,594,551,504
2364,552,463,505,593
2365,465,595,552,505
2366,530,465,554,552
2367,531,443,554,530
2368,504,531,619,530
2369,553,504,531,594
2370,554,465,507,595
2371,466,597,554,507
2372,531,466,555,554
2373,596,506,555,531
2374,553,596,620,531
2375,555,466,508,597
2376,532,598,555,508
2377,596,532,621,555
2378,621,532,556,598
2379,559,468,558,557
2380,469,599,558,534
2381,559,469,560,558
2382,561,470,560,559
2383,510,534,562,599
2384,560,469,510,599
2385,471,600,560,510
2386,561,471,563,560
2387,564,472,563,561
2388,535,473,601,562
2389,510,535,622,562
2390,511,510,535,600
2391,563,471,511,600
2392,474,602,563,511
2393,564,474,565,563
2394,566,475,565,564
2395,535,512,567,601
2396,536,447,567,535
2397,511,536,623,535
2398,513,511,536,602
2399,565,474,513,602
2400,476,603,565,513
2401,566,476,568,565
2402,569,477,568,566
2403,567,512,537,624
2404,478,604,567,537
2405,536,478,570,567
2406,538,448,570,536
2407,513,538,625,536
2408,514,513,538,603
2409,568,476,514,603
2410,479,605,568,514
2411,569,479,571,568
2412,572,480,571,569
2413,515,537,573,604
2414,570,478,515,604
2415,481,606,570,515
2416,538,481,574,570
2417,539,450,574,538
2418,514,539,626,538
2419,516,514,539,605
2420,571,479,516,605
2421,482,607,571,516
2422,572,482,575,571
2423,576,483,575,572
2424,540,484,608,573
2425,515,540,627,573
2426,517,515,540,606
2427,574,481,517,606
2428,485,609,574,517
2429,539,485,577,574
2430,541,451,577,539
2431,516,541,628,539
2432,518,516,541,607
2433,575,482,518,607
2434,486,610,575,518
2435,576,486,578,575
2436,579,487,578,576
2437,540,519,580,608
2438,542,452,580,540
2439,517,542,629,540
2440,520,517,542,609
2441,577,485,520,609
2442,488,611,577,520
2443,541,488,581,577
2444,543,453,581,541
2445,518,543,630,541
2446,521,518,543,610
2447,578,486,521,610
2448,489,612,578,521
2449,579,489,582,578
2450,583,490,582,579
2451,542,491,584,580
2452,544,454,584,542
2453,520,544,631,542
2454,522,520,544,611
2455,581,488,522,611
2456,492,613,581,522
2457,543,492,585,581
2458,545,455,585,543
2459,521,545,632,543
2460,523,521,545,612
2461,582,489,523,612
2462,493,614,582,523
2463,583,493,586,582
2464,544,495,587,584
2465,546,456,587,544
2466,522,546,633,544
2467,524,522,546,613
2468,585,492,524,613
2469,496,615,585,524
2470,545,496,588,585
2471,547,457,588,545
2472,523,547,634,545
2473,525,523,547,614
2474,586,493,525,614
2475,497,616,586,525
2476,546,498,589,587
2477,548,459,589,546
2478,524,548,635,546
2479,526,524,548,615
2480,588,496,526,615
2481,499,617,588,526
2482,547,499,590,588
2483,549,460,590,547
2484,525,549,636,547
2485,527,525,549,616
2486,548,501,591,589
2487,550,461,591,548
2488,526,550,637,548
2489,528,526,550,617
2490,590,499,528,617
2491,502,618,590,528
2492,549,502,592,590
2493,551,462,592,549
2494,527,551,638,549
2495,550,503,593,591
2496,552,463,593,550
2497,528,552,639,550
2498,530,528,552,618
2499,592,502,530,618
2500,504,619,592,530
2501,551,504,594,592
2502,552,505,595,593
2503,554,465,595,552
2504,530,554,640,552
2505,531,530,554,619
2506,594,504,531,619
2507,553,620,594,531
2508,554,507,597,595
2509,555,466,597,554
2510,531,555,641,554
2511,596,531,555,620
2512,555,508,598,597
2513,621,532,598,555
2514,596,621,642,555
2515,621,556,643,598
2516,559,557,558,644
2517,560,469,599,558
2518,559,560,645,558
2519,561,559,560,646
2520,510,622,599,562
2521,560,510,600,599
2522,563,471,600,560
2523,561,563,647,560
2524,564,561,563,648
2525,535,562,601,622
2526,600,510,535,622
2527,511,623,600,535
2528,563,511,602,600
2529,565,474,602,563
2530,564,565,649,563
2531,566,564,565,650
2532,567,512,624,601
2533,535,567,651,601
2534,536,535,567,623
2535,602,511,536,623
2536,513,625,602,536
2537,565,513,603,602
2538,568,476,603,565
2539,566,568,652,565
2540,569,566,568,653
2541,567,537,604,624
2542,570,478,604,567
2543,536,570,654,567
2544,538,536,570,625
2545,603,513,538,625
2546,514,626,603,538
2547,568,514,605,603
2548,571,479,605,568
2549,569,571,655,568
2550,572,569,571,656
2551,604,537,573,657
2552,515,627,604,573
2553,570,515,606,604
2554,574,481,606,570
2555,538,574,658,570
2556,539,538,574,626
2557,605,514,539,626
2558,516,628,605,539
2559,571,516,607,605
2560,575,482,607,571
2561,572,575,659,571
2562,576,572,575,660
2563,540,573,608,627
2564,606,515,540,627
2565,517,629,606,540
2566,574,517,609,606
2567,577,485,609,574
2568,539,577,661,574
2569,541,539,577,628
2570,607,516,541,628
2571,518,630,607,541
2572,575,518,610,607
2573,578,486,610,575
2574,576,578,662,575
2575,579,576,578,663
2576,540,580,664,608
2577,542,540,580,629
2578,609,517,542,629
2579,520,631,609,542
2580,577,520,611,609
2581,581,488,611,577
2582,541,581,665,577
2583,543,541,581,630
2584,610,518,543,630
2585,521,632,610,543
2586,578,521,612,610
2587,582,489,612,578
2588,579,582,666,578
2589,583,579,582,667
2590,542,584,668,580
2591,544,542,584,631
2592,611,520,544,631
2593,522,633,611,544
2594,581,522,613,611
2595,585,492,613,581
2596,543,585,669,581
2597,545,543,585,632
2598,612,521,545,632
2599,523,634,612,545
2600,582,523,614,612
2601,586,493,614,582
2602,583,586,670,582
2603,544,587,671,584
2604,546,544,587,633
2605,613,522,546,633
2606,524,635,613,546
2607,585,524,615,613
2608,588,496,615,585
2609,545,588,672,585
2610,547,545,588,634
2611,614,523,547,634
2612,525,636,614,547
2613,586,525,616,614
2614,546,589,673,587
2615,548,546,589,635
2616,615,524,548,635
2617,526,637,615,548
2618,588,526,617,615
2619,590,499,617,588
2620,547,590,674,588
2621,549,547,590,636
2622,616,525,549,636
2623,527,638,616,549
2624,548,591,675,589
2625,550,548,591,637
2626,617,526,550,637
2627,528,639,617,550
2628,590,528,618,617
2629,592,502,618,590
2630,549,592,676,590
2631,551,549,592,638
2632,550,593,677,591
2633,552,550,593,639
2634,618,528,552,639
2635,530,640,618,552
2636,592,530,619,618
2637,594,504,619,592
2638,551,594,678,592
2639,552,595,679,593
2640,554,552,595,640
2641,619,530,554,640
2642,531,641,619,554
2643,594,531,620,619
2644,554,597,680,595
2645,555,554,597,641
2646,620,531,555,641
2647,596,642,620,555
2648,555,598,681,597
2649,621,555,598,642
2650,621,643,682,598
2651,559,645,644,558
2652,560,558,599,645
2653,646,559,560,645
2654,561,647,646,560
2655,600,510,622,599
2656,560,600,683,599
2657,563,560,600,647
2658,648,561,563,647
2659,564,649,648,563
2660,535,651,622,601
2661,600,535,623,622
2662,602,511,623,600
2663,563,602,684,600
2664,565,563,602,649
2665,650,564,565,649
2666,566,652,650,565
2667,567,601,624,651
2668,623,535,567,651
2669,536,654,623,567
2670,602,536,625,623
2671,603,513,625,602
2672,565,603,685,602
2673,568,565,603,652
2674,653,566,568,652
2675,569,655,653,568
2676,604,537,657,624
2677,567,604,686,624
2678,570,567,604,654
2679,625,536,570,654
2680,538,658,625,570
2681,603,538,626,625
2682,605,514,626,603
2683,568,605,687,603
2684,571,568,605,655
2685,656,569,571,655
2686,572,659,656,571
2687,604,573,627,657
2688,606,515,627,604
2689,570,606,688,604
2690,574,570,606,658
2691,626,538,574,658
2692,539,661,626,574
2693,605,539,628,626
2694,607,516,628,605
2695,571,607,689,605
2696,575,571,607,659
2697,660,572,575,659
2698,576,662,660,575
2699,627,573,608,690
2700,540,664,627,608
2701,606,540,629,627
2702,609,517,629,606
2703,574,609,691,606
2704,577,574,609,661
2705,628,539,577,661
2706,541,665,628,577
2707,607,541,630,628
2708,610,518,630,607
2709,575,610,692,607
2710,578,575,610,662
2711,663,576,578,662
2712,579,666,663,578
2713,629,540,580,664
2714,542,668,629,580
2715,609,542,631,629
2716,611,520,631,609
2717,577,611,693,609
2718,581,577,611,665
2719,630,541,581,665
2720,543,669,630,581
2721,610,543,632,630
2722,612,521,632,610
2723,578,612,694,610
2724,582,578,612,666
2725,667,579,582,666
2726,583,670,667,582
2727,631,542,584,668
2728,544,671,631,584
2729,611,544,633,631
2730,613,522,633,611
2731,581,613,695,611
2732,585,581,613,669
2733,632,543,585,669
2734,545,672,632,585
2735,612,545,634,632
2736,614,523,634,612
2737,582,614,696,612
2738,586,582,614,670
2739,633,544,587,671
2740,546,673,633,587
2741,613,546,635,633
2742,615,524,635,613
2743,585,615,697,613
2744,588,585,615,672
2745,634,545,588,672
2746,547,674,634,588
2747,614,547,636,634
2748,616,525,636,614
2749,586,616,698,614
2750,635,546,589,673
2751,548,675,635,589
2752,615,548,637,635
2753,617,526,637,615
2754,588,617,699,615
2755,590,588,617,674
2756,636,547,590,674
2757,549,676,636,590
2758,616,549,638,636
2759,637,548,591,675
2760,550,677,637,591
2761,617,550,639,637
2762,618,528,639,617
2763,590,618,700,617
2764,592,590,618,676
2765,638,549,592,676
2766,551,678,638,592
2767,639,550,593,677
2768,552,679,639,593
2769,618,552,640,639
2770,619,530,640,618
2771,592,619,701,618
2772,594,592,619,678
2773,640,552,595,679
2774,554,680,640,595
2775,619,554,641,640
2776,620,531,641,619
2777,594,620,702,619
2778,641,554,597,680
2779,555,681,641,597
2780,620,555,642,641
2781,642,555,598,681
2782,621,682,642,598
2783,646,559,645,644
2784,560,683,645,599
2785,646,560,647,645
2786,648,561,647,646
2787,600,599,622,683
2788,647,560,600,683
2789,563,684,647,600
2790,648,563,649,647
2791,650,564,649,648
2792,623,535,651,622
2793,600,623,703,622
2794,602,600,623,684
2795,649,563,602,684
2796,565,685,649,602
2797,650,565,652,649
2798,653,566,652,650
2799,567,686,651,624
2800,623,567,654,651
2801,625,536,654,623
2802,602,625,704,623
2803,603,602,625,685
2804,652,565,603,685
2805,568,687,652,603
2806,653,568,655,652
2807,656,569,655,653
2808,604,624,657,686
2809,654,567,604,686
2810,570,688,654,604
2811,625,570,658,654
2812,626,538,658,625
2813,603,626,705,625
2814,605,603,626,687
2815,655,568,605,687
2816,571,689,655,605
2817,656,571,659,655
2818,660,572,659,656
2819,627,573,690,657
2820,604,627,706,657
2821,606,604,627,688
2822,658,570,606,688
2823,574,691,658,606
2824,626,574,661,658
2825,628,539,661,626
2826,605,628,707,626
2827,607,605,628,689
2828,659,571,607,689
2829,575,692,659,607
2830,660,575,662,659
2831,663,576,662,660
2832,627,608,664,690
2833,629,540,664,627
2834,606,629,708,627
2835,609,606,629,691
2836,661,574,609,691
2837,577,693,661,609
2838,628,577,665,661
2839,630,541,665,628
2840,607,630,709,628
2841,610,607,630,692
2842,662,575,610,692
2843,578,694,662,610
2844,663,578,666,662
2845,667,579,666,663
2846,629,580,668,664
2847,631,542,668,629
2848,609,631,710,629
2849,611,609,631,693
2850,665,577,611,693
2851,581,695,665,611
2852,630,581,669,665
2853,632,543,669,630
2854,610,632,711,630
2855,612,610,632,694
2856,666,578,612,694
2857,582,696,666,612
2858,667,582,670,666
2859,631,584,671,668
2860,633,544,671,631
2861,611,633,712,631
2862,613,611,633,695
2863,669,581,613,695
2864,585,697,669,613
2865,632,585,672,669
2866,634,545,672,632
2867,612,634,713,632
2868,614,612,634,696
2869,670,582,614,696
2870,586,698,670,614
2871,633,587,673,671
2872,635,546,673,633
2873,613,635,714,633
2874,615,613,635,697
2875,672,585,615,697
2876,588,699,672,615
2877,634,588,674,672
2878,636,547,674,634
2879,614,636,715,634
2880,616,614,636,698
2881,635,589,675,673
2882,637,548,675,635
2883,615,637,716,635
2884,617,615,637,699
2885,674,588,617,699
2886,590,700,674,617
2887,636,590,676,674
2888,638,549,676,636
2889,616,638,717,636
2890,637,591,677,675
2891,639,550,677,637
2892,617,639,718,637
2893,618,617,639,700
2894,676,590,618,700
2895,592,701,676,618
2896,638,592,678,676
2897,639,593,679,677
2898,640,552,679,639
2899,618,640,719,639
2900,619,618,640,701
2901,678,592,619,701
2902,594,702,678,619
2903,640,595,680,679
2904,641,554,680,640
2905,619,641,720,640
2906,620,619,641,702
2907,641,597,681,680
2908,642,555,681,641
2909,620,642,721,641
2910,642,598,682,681
2911,646,644,645,722
2912,647,560,683,645
2913,646,647,723,645
2914,648,646,647,724
2915,600,703,683,622
2916,647,600,684,683
2917,649,563,684,647
2918,648,649,725,647
2919,650,648,649,726
2920,623,622,651,703
2921,684,600,623,703
2922,602,704,684,623
2923,649,602,685,684
2924,652,565,685,649
2925,650,652,727,649
2926,653,650,652,728
2927,654,567,686,651
2928,623,654,729,651
2929,625,623,654,704
2930,685,602,625,704
2931,603,705,685,625
2932,652,603,687,685
2933,655,568,687,652
2934,653,655,730,652
2935,656,653,655,731
2936,604,706,686,657
2937,654,604,688,686
2938,658,570,688,654
2939,625,658,732,654
2940,626,625,658,705
2941,687,603,626,705
2942,605,707,687,626
2943,655,605,689,687
2944,659,571,689,655
2945,656,659,733,655
2946,660,656,659,734
2947,627,657,690,706
2948,688,604,627,706
2949,606,708,688,627
2950,658,606,691,688
2951,661,574,691,658
2952,626,661,735,658
2953,628,626,661,707
2954,689,605,628,707
2955,607,709,689,628
2956,659,607,692,689
2957,662,575,692,659
2958,660,662,736,659
2959,663,660,662,737
2960,627,664,738,690
2961,629,627,664,708
2962,691,606,629,708
2963,609,710,691,629
2964,661,609,693,691
2965,665,577,693,661
2966,628,665,739,661
2967,630,628,665,709
2968,692,607,630,709
2969,610,711,692,630
2970,662,610,694,692
2971,666,578,694,662
2972,663,666,740,662
2973,667,663,666,741
2974,629,668,742,664
2975,631,629,668,710
2976,693,609,631,710
2977,611,712,693,631
2978,665,611,695,693
2979,669,581,695,665
2980,630,669,743,665
2981,632,630,669,711
2982,694,610,632,711
2983,612,713,694,632
2984,666,612,696,694
2985,670,582,696,666
2986,667,670,744,666
2987,631,671,745,668
2988,633,631,671,712
2989,695,611,633,712
2990,613,714,695,633
2991,669,613,697,695
2992,672,585,697,669
2993,632,672,746,669
2994,634,632,672,713
2995,696,612,634,713
2996,614,715,696,634
2997,670,614,698,696
2998,633,673,747,671
2999,635,633,673,714
3000,697,613,635,714
3001,615,716,697,635
3002,672,615,699,697
3003,674,588,699,672
3004,634,674,748,672
3005,636,634,674,715
3006,698,614,636,715
3007,616,717,698,636
3008,635,675,749,673
3009,637,635,675,716
3010,699,615,637,716
3011,617,718,699,637
3012,674,617,700,699
3013,676,590,700,674
3014,636,676,750,674
3015,638,636,676,717
3016,637,677,751,675
3017,639,637,677,718
3018,700,617,639,718
3019,618,719,700,639
3020,676,618,701,700
3021,678,592,701,676
3022,638,678,752,676
3023,639,679,753,677
3024,640,639,679,719
3025,701,618,640,719
3026,619,720,701,640
3027,678,619,702,701
3028,640,680,754,679
3029,641,640,680,720
3030,702,619,641,720
3031,620,721,702,641
3032,641,681,755,680
3033,642,641,681,721
3034,642,682,756,681
3035,646,723,722,645
3036,647,645,683,723
3037,724,646,647,723
3038,648,725,724,647
3039,684,600,703,683
3040,647,684,757,683
3041,649,647,684,725
3042,726,648,649,725
3043,650,727,726,649
3044,623,729,703,651
3045,684,623,704,703
3046,685,602,704,684
3047,649,685,758,684
3048,652,649,685,727
3049,728,650,652,727
3050,653,730,728,652
3051,654,651,686,729
3052,704,623,654,729
3053,625,732,704,654
3054,685,625,705,704
3055,687,603,705,685
3056,652,687,759,685
3057,655,652,687,730
3058,731,653,655,730
3059,656,733,731,655
3060,688,604,706,686
3061,654,688,760,686
3062,658,654,688,732
3063,705,625,658,732
3064,626,735,705,658
3065,687,626,707,705
3066,689,605,707,687
3067,655,689,761,687
3068,659,655,689,733
3069,734,656,659,733
3070,660,736,734,659
3071,627,738,706,690
3072,688,627,708,706
3073,691,606,708,688
3074,658,691,762,688
3075,661,658,691,735
3076,707,626,661,735
3077,628,739,707,661
3078,689,628,709,707
3079,692,607,709,689
3080,659,692,763,689
3081,662,659,692,736
3082,737,660,662,736
3083,663,740,737,662
3084,708,627,664,738
3085,629,742,708,664
3086,691,629,710,708
3087,693,609,710,691
3088,661,693,764,691
3089,665,661,693,739
3090,709,628,665,739
3091,630,743,709,665
3092,692,630,711,709
3093,694,610,711,692
3094,662,694,765,692
3095,666,662,694,740
3096,741,663,666,740
3097,667,744,741,666
3098,710,629,668,742
3099,631,745,710,668
3100,693,631,712,710
3101,695,611,712,693
3102,665,695,766,693
3103,669,665,695,743
3104,711,630,669,743
3105,632,746,711,669
3106,694,632,713,711
3107,696,612,713,694
3108,666,696,767,694
3109,670,666,696,744
3110,712,631,671,745
3111,633,747,712,671
3112,695,633,714,712
3113,697,613,714,695
3114,669,697,768,695
3115,672,669,697,746
3116,713,632,672,746
3117,634,748,713,672
3118,696,634,715,713
3119,698,614,715,696
3120,670,698,769,696
3121,714,633,673,747
3122,635,749,714,673
3123,697,635,716,714
3124,699,615,716,697
3125,672,699,770,697
3126,674,672,699,748
3127,715,634,674,748
3128,636,750,715,674
3129,698,636,717,715
3130,716,635,675,749
3131,637,751,716,675
3132,699,637,718,716
3133,700,617,718,699
3134,674,700,771,699
3135,676,674,700,750
3136,717,636,676,750
3137,638,752,717,676
3138,718,637,677,751
3139,639,753,718,677
3140,700,639,719,718
3141,701,618,719,700
3142,676,701,772,700
3143,678,676,701,752
3144,719,639,679,753
3145,640,754,719,679
3146,701,640,720,719
3147,702,619,720,701
3148,678,702,773,701
3149,720,640,680,754
3150,641,755,720,680
3151,702,641,721,720
3152,721,641,681,755
3153,642,756,721,681
3154,724,646,723,722
3155,647,757,723,683
3156,724,647,725,723
3157,726,648,725,724
3158,684,683,703,757
3159,725,647,684,757
3160,649,758,725,684
3161,726,649,727,725
3162,728,650,727,726
3163,704,623,729,703
3164,684,704,774,703
3165,685,684,704,758
3166,727,649,685,758
3167,652,759,727,685
3168,728,652,730,727
3169,731,653,730,728
3170,654,760,729,686
3171,704,654,732,729
3172,705,625,732,704
3173,685,705,775,704
3174,687,685,705,759
3175,730,652,687,759
3176,655,761,730,687
3177,731,655,733,730
3178,734,656,733,731
3179,688,686,706,760
3180,732,654,688,760
3181,658,762,732,688
3182,705,658,735,732
3183,707,626,735,705
3184,687,707,776,705
3185,689,687,707,761
3186,733,655,689,761
3187,659,763,733,689
3188,734,659,736,733
3189,737,660,736,734
3190,708,627,738,706
3191,688,708,777,706
3192,691,688,708,762
3193,735,658,691,762
3194,661,764,735,691
3195,707,661,739,735
3196,709,628,739,707
3197,689,709,778,707
3198,692,689,709,763
3199,736,659,692,763
3200,662,765,736,692
3201,737,662,740,736
3202,741,663,740,737
3203,708,664,742,738
3204,710,629,742,708
3205,691,710,779,708
3206,693,691,710,764
3207,739,661,693,764
3208,665,766,739,693
3209,709,665,743,739
3210,711,630,743,709
3211,692,711,780,709
3212,694,692,711,765
3213,740,662,694,765
3214,666,767,740,694
3215,741,666,744,740
3216,710,668,745,742
3217,712,631,745,710
3218,693,712,781,710
3219,695,693,712,766
3220,743,665,695,766
3221,669,768,743,695
3222,711,669,746,743
3223,713,632,746,711
3224,694,713,782,711
3225,696,694,713,767
3226,744,666,696,767
3227,670,769,744,696
3228,712,671,747,745
3229,714,633,747,712
3230,695,714,783,712
3231,697,695,714,768
3232,746,669,697,768
3233,672,770,746,697
3234,713,672,748,746
3235,715,634,748,713
3236,696,715,784,713
3237,698,696,715,769
3238,714,673,749,747
3239,716,635,749,714
3240,697,716,785,714
3241,699,697,716,770
3242,748,672,699,770
3243,674,771,748,699
3244,715,674,750,748
3245,717,636,750,715
3246,698,717,786,715
3247,716,675,751,749
3248,718,637,751,716
3249,699,718,787,716
3250,700,699,718,771
3251,750,674,700,771
3252,676,772,750,700
3253,717,676,752,750
3254,718,677,753,751
3255,719,639,753,718
3256,700,719,788,718
3257,701,700,719,772
3258,752,676,701,772
3259,678,773,752,701
3260,719,679,754,753
3261,720,640,754,719
3262,701,720,789,719
3263,702,701,720,773
3264,720,680,755,754
3265,721,641,755,720
3266,702,721,790,720
3267,721,681,756,755
3268,724,722,723,791
3269,725,647,757,723
3270,724,725,792,723
3271,726,724,725,793
3272,684,774,757,703
3273,725,684,758,757
3274,727,649,758,725
3275,726,727,794,725
3276,728,726,727,795
3277,704,703,729,774
3278,758,684,704,774
3279,685,775,758,704
3280,727,685,759,758
3281,730,652,759,727
3282,728,730,796,727
3283,731,728,730,797
3284,732,654,760,729
3285,704,732,798,729
3286,705,704,732,775
3287,759,685,705,775
3288,687,776,759,705
3289,730,687,761,759
3290,733,655,761,730
3291,731,733,799,730
3292,734,731,733,800
3293,688,777,760,706
3294,732,688,762,760
3295,735,658,762,732
3296,705,735,801,732
3297,707,705,735,776
3298,761,687,707,776
3299,689,778,761,707
3300,733,689,763,761
3301,736,659,763,733
3302,734,736,802,733
3303,737,734,736,803
3304,708,706,738,777
3305,762,688,708,777
3306,691,779,762,708
3307,735,691,764,762
3308,739,661,764,735
3309,707,739,804,735
3310,709,707,739,778
3311,763,689,709,778
3312,692,780,763,709
3313,736,692,765,763
3314,740,662,765,736
3315,737,740,805,736
3316,741,737,740,806
3317,708,742,807,738
3318,710,708,742,779
3319,764,691,710,779
3320,693,781,764,710
3321,739,693,766,764
3322,743,665,766,739
3323,709,743,808,739
3324,711,709,743,780
3325,765,692,711,780
3326,694,782,765,711
3327,740,694,767,765
3328,744,666,767,740
3329,741,744,809,740
3330,710,745,810,742
3331,712,710,745,781
3332,766,693,712,781
3333,695,783,766,712
3334,743,695,768,766
3335,746,669,768,743
3336,711,746,811,743
3337,713,711,746,782
3338,767,694,713,782
3339,696,784,767,713
3340,744,696,769,767
3341,712,747,812,745
3342,714,712,747,783
3343,768,695,714,783
3344,697,785,768,714
3345,746,697,770,768
3346,748,672,770,746
3347,713,748,813,746
3348,715,713,748,784
3349,769,696,715,784
3350,698,786,769,715
3351,714,749,814,747
3352,716,714,749,785
3353,770,697,716,785
3354,699,787,770,716
3355,748,699,771,770
3356,750,674,771,748
3357,715,750,815,748
3358,717,715,750,786
3359,716,751,816,749
3360,718,716,751,787
3361,771,699,718,787
3362,700,788,771,718
3363,750,700,772,771
3364,752,676,772,750
3365,717,752,817,750
3366,718,753,818,751
3367,719,718,753,788
3368,772,700,719,788
3369,701,789,772,719
3370,752,701,773,772
3371,719,754,819,753
3372,720,719,754,789
3373,773,701,720,789
3374,702,790,773,720
3375,720,755,820,754
3376,721,720,755,790
3377,721,756,821,755
3378,724,792,791,723
3379,725,723,757,792
3380,793,724,725,792
3381,726,794,793,725
3382,758,684,774,757
3383,725,758,822,757
3384,727,725,758,794
3385,795,726,727,794
3386,728,796,795,727
3387,704,798,774,729
3388,758,704,775,774
3389,759,685,775,758
3390,727,759,823,758
3391,730,727,759,796
3392,797,728,730,796
3393,731,799,797,730
3394,732,729,760,798
3395,775,704,732,798
3396,705,801,775,732
3397,759,705,776,775
3398,761,687,776,759
3399,730,761,824,759
3400,733,730,761,799
3401,800,731,733,799
3402,734,802,800,733
3403,762,688,777,760
3404,732,762,825,760
3405,735,732,762,801
3406,776,705,735,801
3407,707,804,776,735
3408,761,707,778,776
3409,763,689,778,761
3410,733,763,826,761
3411,736,733,763,802
3412,803,734,736,802
3413,737,805,803,736
3414,708,807,777,738
3415,762,708,779,777
3416,764,691,779,762
3417,735,764,827,762
3418,739,735,764,804
3419,778,707,739,804
3420,709,808,778,739
3421,763,709,780,778
3422,765,692,780,763
3423,736,765,828,763
3424,740,736,765,805
3425,806,737,740,805
3426,741,809,806,740
3427,779,708,742,807
3428,710,810,779,742
3429,764,710,781,779
3430,766,693,781,764
3431,739,766,829,764
3432,743,739,766,808
3433,780,709,743,808
3434,711,811,780,743
3435,765,711,782,780
3436,767,694,782,765
3437,740,767,830,765
3438,744,740,767,809
3439,781,710,745,810
3440,712,812,781,745
3441,766,712,783,781
3442,768,695,783,766
3443,743,768,831,766
3444,746,743,768,811
3445,782,711,746,811
3446,713,813,782,746
3447,767,713,784,782
3448,769,696,784,767
3449,744,769,832,767
3450,783,712,747,812
3451,714,814,783,747
3452,768,714,785,783
3453,770,697,785,768
3454,746,770,833,768
3455,748,746,770,813
3456,784,713,748,813
3457,715,815,784,748
3458,769,715,786,784
3459,785,714,749,814
3460,716,816,785,749
3461,770,716,787,785
3462,771,699,787,770
3463,748,771,834,770
3464,750,748,771,815
3465,786,715,750,815
3466,717,817,786,750
3467,787,716,751,816
3468,718,818,787,751
3469,771,718,788,787
3470,772,700,788,771
3471,750,772,835,771
3472,752,750,772,817
3473,788,718,753,818
3474,719,819,788,753
3475,772,719,789,788
3476,773,701,789,772
3477,752,773,836,772
3478,789,719,754,819
3479,720,820,789,754
3480,773,720,790,789
3481,790,720,755,820
3482,721,821,790,755
3483,793,724,792,791
3484,725,822,792,757
3485,793,725,794,792
3486,795,726,794,793
3487,758,757,774,822
3488,794,725,758,822
3489,727,823,794,758
3490,795,727,796,794
3491,797,728,796,795
3492,775,704,798,774
3493,758,775,837,774
3494,759,758,775,823
3495,796,727,759,823
3496,730,824,796,759
3497,797,730,799,796
3498,800,731,799,797
3499,732,825,798,760
3500,775,732,801,798
3501,776,705,801,775
3502,759,776,838,775
3503,761,759,776,824
3504,799,730,761,824
3505,733,826,799,761
3506,800,733,802,799
3507,803,734,802,800
3508,762,760,777,825
3509,801,732,762,825
3510,735,827,801,762
3511,776,735,804,801
3512,778,707,804,776
3513,761,778,839,776
3514,763,761,778,826
3515,802,733,763,826
3516,736,828,802,763
3517,803,736,805,802
3518,806,737,805,803
3519,779,708,807,777
3520,762,779,840,777
3521,764,762,779,827
3522,804,735,764,827
3523,739,829,804,764
3524,778,739,808,804
3525,780,709,808,778
3526,763,780,841,778
3527,765,763,780,828
3528,805,736,765,828
3529,740,830,805,765
3530,806,740,809,805
3531,779,742,810,807
3532,781,710,810,779
3533,764,781,842,779
3534,766,764,781,829
3535,808,739,766,829
3536,743,831,808,766
3537,780,743,811,808
3538,782,711,811,780
3539,765,782,843,780
3540,767,765,782,830
3541,809,740,767,830
3542,744,832,809,767
3543,781,745,812,810
3544,783,712,812,781
3545,766,783,844,781
3546,768,766,783,831
3547,811,743,768,831
3548,746,833,811,768
3549,782,746,813,811
3550,784,713,813,782
3551,767,784,845,782
3552,769,767,784,832
3553,783,747,814,812
3554,785,714,814,783
3555,768,785,846,783
3556,770,768,785,833
3557,813,746,770,833
3558,748,834,813,770
3559,784,748,815,813
3560,786,715,815,784
3561,769,786,847,784
3562,785,749,816,814
3563,787,716,816,785
3564,770,787,848,785
3565,771,770,787,834
3566,815,748,771,834
3567,750,835,815,771
3568,786,750,817,815
3569,787,751,818,816
3570,788,718,818,787
3571,771,788,849,787
3572,772,771,788,835
3573,817,750,772,835
3574,752,836,817,772
3575,788,753,819,818
3576,789,719,819,788
3577,772,789,850,788
3578,773,772,789,836
3579,789,754,820,819
3580,790,720,820,789
3581,773,790,851,789
3582,790,755,821,820
3583,793,791,792,852
3584,794,725,822,792
3585,793,794,853,792
3586,795,793,794,854
3587,758,837,822,774
3588,794,758,823,822
3589,796,727,823,794
3590,795,796,855,794
3591,797,795,796,856
3592,775,774,798,837
3593,823,758,775,837
3594,759,838,823,775
3595,796,759,824,823
3596,799,730,824,796
3597,797,799,857,796
3598,800,797,799,858
3599,801,732,825,798
3600,775,801,859,798
3601,776,775,801,838
3602,824,759,776,838
3603,761,839,824,776
3604,799,761,826,824
3605,802,733,826,799
3606,800,802,860,799
3607,803,800,802,861
3608,762,840,825,777
3609,801,762,827,825
3610,804,735,827,801
3611,776,804,862,801
3612,778,776,804,839
3613,826,761,778,839
3614,763,841,826,778
3615,802,763,828,826
3616,805,736,828,802
3617,803,805,863,802
3618,806,803,805,864
3619,779,777,807,840
3620,827,762,779,840
3621,764,842,827,779
3622,804,764,829,827
3623,808,739,829,804
3624,778,808,865,804
3625,780,778,808,841
3626,828,763,780,841
3627,765,843,828,780
3628,805,765,830,828
3629,809,740,830,805
3630,806,809,866,805
3631,779,810,867,807
3632,781,779,810,842
3633,829,764,781,842
3634,766,844,829,781
3635,808,766,831,829
3636,811,743,831,808
3637,780,811,868,808
3638,782,780,811,843
3639,830,765,782,843
3640,767,845,830,782
3641,809,767,832,830
3642,781,812,869,810
3643,783,781,812,844
3644,831,766,783,844
3645,768,846,831,783
3646,811,768,833,831
3647,813,746,833,811
3648,782,813,870,811
3649,784,782,813,845
3650,832,767,784,845
3651,769,847,832,784
3652,783,814,871,812
3653,785,783,814,846
3654,833,768,785,846
3655,770,848,833,785
3656,813,770,834,833
3657,815,748,834,813
3658,784,815,872,813
3659,786,784,815,847
3660,785,816,873,814
3661,787,785,816,848
3662,834,770,787,848
3663,771,849,834,787
3664,815,771,835,834
3665,817,750,835,815
3666,786,817,874,815
3667,787,818,875,816
3668,788,787,818,849
3669,835,771,788,849
3670,772,850,835,788
3671,817,772,836,835
3672,788,819,876,818
3673,789,788,819,850
3674,836,772,789,850
3675,773,851,836,789
3676,789,820,877,819
3677,790,789,820,851
3678,790,821,878,820
3679,793,853,852,792
3680,794,792,822,853
3681,854,793,794,853
3682,795,855,854,794
3683,823,758,837,822
3684,794,823,879,822
3685,796,794,823,855
3686,856,795,796,855
3687,797,857,856,796
3688,775,859,837,798
3689,823,775,838,837
3690,824,759,838,823
3691,796,824,880,823
3692,799,796,824,857
3693,858,797,799,857
3694,800,860,858,799
3695,801,798,825,859
3696,838,775,801,859
3697,776,862,838,801
3698,824,776,839,838
3699,826,761,839,824
3700,799,826,881,824
3701,802,799,826,860
3702,861,800,802,860
3703,803,863,861,802
3704,827,762,840,825
3705,801,827,882,825
3706,804,801,827,862
3707,839,776,804,862
3708,778,865,839,804
3709,826,778,841,839
3710,828,763,841,826
3711,802,828,883,826
3712,805,802,828,863
3713,864,803,805,863
3714,806,866,864,805
3715,779,867,840,807
3716,827,779,842,840
3717,829,764,842,827
3718,804,829,884,827
3719,808,804,829,865
3720,841,778,808,865
3721,780,868,841,808
3722,828,780,843,841
3723,830,765,843,828
3724,805,830,885,828
3725,809,805,830,866
3726,842,779,810,867
3727,781,869,842,810
3728,829,781,844,842
3729,831,766,844,829
3730,808,831,886,829
3731,811,808,831,868
3732,843,780,811,868
3733,782,870,843,811
3734,830,782,845,843
3735,832,767,845,830
3736,809,832,887,830
3737,844,781,812,869
3738,783,871,844,812
3739,831,783,846,844
3740,833,768,846,831
3741,811,833,888,831
3742,813,811,833,870
3743,845,782,813,870
3744,784,872,845,813
3745,832,784,847,845
3746,846,783,814,871
3747,785,873,846,814
3748,833,785,848,846
3749,834,770,848,833
3750,813,834,889,833
3751,815,813,834,872
3752,847,784,815,872
3753,786,874,847,815
3754,848,785,816,873
3755,787,875,848,816
3756,834,787,849,848
3757,835,771,849,834
3758,815,835,890,834
3759,817,815,835,874
3760,849,787,818,875
3761,788,876,849,818
3762,835,788,850,849
3763,836,772,850,835
3764,817,836,891,835
3765,850,788,819,876
3766,789,877,850,819
3767,836,789,851,850
3768,851,789,820,877
3769,790,878,851,820
3770,854,793,853,852
3771,794,879,853,822
3772,854,794,855,853
3773,856,795,855,854
3774,823,822,837,879
3775,855,794,823,879
3776,796,880,855,823
3777,856,796,857,855
3778,858,797,857,856
3779,838,775,859,837
3780,823,838,892,837
3781,824,823,838,880
3782,857,796,824,880
3783,799,881,857,824
3784,858,799,860,857
3785,861,800,860,858
3786,801,882,859,825
3787,838,801,862,859
3788,839,776,862,838
3789,824,839,893,838
3790,826,824,839,881
3791,860,799,826,881
3792,802,883,860,826
3793,861,802,863,860
3794,864,803,863,861
3795,827,825,840,882
3796,862,801,827,882
3797,804,884,862,827
3798,839,804,865,862
3799,841,778,865,839
3800,826,841,894,839
3801,828,826,841,883
3802,863,802,828,883
3803,805,885,863,828
3804,864,805,866,863
3805,842,779,867,840
3806,827,842,895,840
3807,829,827,842,884
3808,865,804,829,884
3809,808,886,865,829
3810,841,808,868,865
3811,843,780,868,841
3812,828,843,896,841
3813,830,828,843,885
3814,866,805,830,885
3815,809,887,866,830
3816,842,810,869,867
3817,844,781,869,842
3818,829,844,897,842
3819,831,829,844,886
3820,868,808,831,886
3821,811,888,868,831
3822,843,811,870,868
3823,845,782,870,843
3824,830,845,898,843
3825,832,830,845,887
3826,844,812,871,869
3827,846,783,871,844
3828,831,846,899,844
3829,833,831,846,888
3830,870,811,833,888
3831,813,889,870,833
3832,845,813,872,870
3833,847,784,872,845
3834,832,847,900,845
3835,846,814,873,871
3836,848,785,873,846
3837,833,848,901,846
3838,834,833,848,889
3839,872,813,834,889
3840,815,890,872,834
3841,847,815,874,872
3842,848,816,875,873
3843,849,787,875,848
3844,834,849,902,848
3845,835,834,849,890
3846,874,815,835,890
3847,817,891,874,835
3848,849,818,876,875
3849,850,788,876,849
3850,835,850,903,849
3851,836,835,850,891
3852,850,819,877,876
3853,851,789,877,850
3854,836,851,904,850
3855,851,820,878,877
3856,854,852,853,905
3857,855,794,879,853
3858,854,855,906,853
3859,856,854,855,907
3860,823,892,879,837
3861,855,823,880,879
3862,857,796,880,855
3863,856,857,908,855
3864,858,856,857,909
3865,838,837,859,892
3866,880,823,838,892
3867,824,893,880,838
3868,857,824,881,880
3869,860,799,881,857
3870,858,860,910,857
3871,861,858,860,911
3872,862,801,882,859
3873,838,862,912,859
3874,839,838,862,893
3875,881,824,839,893
3876,826,894,881,839
3877,860,826,883,881
3878,863,802,883,860
3879,861,863,913,860
3880,864,861,863,914
3881,827,895,882,840
3882,862,827,884,882
3883,865,804,884,862
3884,839,865,915,862
3885,841,839,865,894
3886,883,826,841,894
3887,828,896,883,841
3888,863,828,885,883
3889,866,805,885,863
3890,864,866,916,863
3891,842,840,867,895
3892,884,827,842,895
3893,829,897,884,842
3894,865,829,886,884
3895,868,808,886,865
3896,841,868,917,865
3897,843,841,868,896
3898,885,828,843,896
3899,830,898,885,843
3900,866,830,887,885
3901,842,869,918,867
3902,844,842,869,897
3903,886,829,844,897
3904,831,899,886,844
3905,868,831,888,886
3906,870,811,888,868
3907,843,870,919,868
3908,845,843,870,898
3909,887,830,845,898
3910,832,900,887,845
3911,844,871,920,869
3912,846,844,871,899
3913,888,831,846,899
3914,833,901,888,846
3915,870,833,889,888
3916,872,813,889,870
3917,845,872,921,870
3918,847,845,872,900
3919,846,873,922,871
3920,848,846,873,901
3921,889,833,848,901
3922,834,902,889,848
3923,872,834,890,889
3924,874,815,890,872
3925,847,874,923,872
3926,848,875,924,873
3927,849,848,875,902
3928,890,834,849,902
3929,835,903,890,849
3930,874,835,891,890
3931,849,876,925,875
3932,850,849,876,903
3933,891,835,850,903
3934,836,904,891,850
3935,850,877,926,876
3936,851,850,877,904
3937,851,878,927,877
3938,854,906,905,853
3939,855,853,879,906
3940,907,854,855,906
3941,856,908,907,855
3942,880,823,892,879
3943,855,880,928,879
3944,857,855,880,908
3945,909,856,857,908
3946,858,910,909,857
3947,838,912,892,859
3948,880,838,893,892
3949,881,824,893,880
3950,857,881,929,880
3951,860,857,881,910
3952,911,858,860,910
3953,861,913,911,860
3954,862,859,882,912
3955,893,838,862,912
3956,839,915,893,862
3957,881,839,894,893
3958,883,826,894,881
3959,860,883,930,881
3960,863,860,883,913
3961,914,861,863,913
3962,864,916,914,863
3963,884,827,895,882
3964,862,884,931,882
3965,865,862,884,915
3966,894,839,865,915
3967,841,917,894,865
3968,883,841,896,894
3969,885,828,896,883
3970,863,885,932,883
3971,866,863,885,916
3972,842,918,895,867
3973,884,842,897,895
3974,886,829,897,884
3975,865,886,933,884
3976,868,865,886,917
3977,896,841,868,917
3978,843,919,896,868
3979,885,843,898,896
3980,887,830,898,885
3981,866,887,934,885
3982,897,842,869,918
3983,844,920,897,869
3984,886,844,899,897
3985,888,831,899,886
3986,868,888,935,886
3987,870,868,888,919
3988,898,843,870,919
3989,845,921,898,870
3990,887,845,900,898
3991,899,844,871,920
3992,846,922,899,871
3993,888,846,901,899
3994,889,833,901,888
3995,870,889,936,888
3996,872,870,889,921
3997,900,845,872,921
3998,847,923,900,872
3999,901,846,873,922
4000,848,924,901,873
4001,889,848,902,901
4002,890,834,902,889
4003,872,890,937,889
4004,874,872,890,923
4005,902,848,875,924
4006,849,925,902,875
4007,890,849,903,902
4008,891,835,903,890
4009,874,891,938,890
4010,903,849,876,925
4011,850,926,903,876
4012,891,850,904,903
4013,904,850,877,926
4014,851,927,904,877
4015,907,854,906,905
4016,855,928,906,879
4017,907,855,908,906
4018,909,856,908,907
4019,880,879,892,928
4020,908,855,880,928
4021,857,929,908,880
4022,909,857,910,908
4023,911,858,910,909
4024,893,838,912,892
4025,880,893,939,892
4026,881,880,893,929
4027,910,857,881,929
4028,860,930,910,881
4029,911,860,913,910
4030,914,861,913,911
4031,862,931,912,882
4032,893,862,915,912
4033,894,839,915,893
4034,881,894,940,893
4035,883,881,894,930
4036,913,860,883,930
4037,863,932,913,883
4038,914,863,916,913
4039,884,882,895,931
4040,915,862,884,931
4041,865,933,915,884
4042,894,865,917,915
4043,896,841,917,894
4044,883,896,941,894
4045,885,883,896,932
4046,916,863,885,932
4047,866,934,916,885
4048,897,842,918,895
4049,884,897,942,895
4050,886,884,897,933
4051,917,865,886,933
4052,868,935,917,886
4053,896,868,919,917
4054,898,843,919,896
4055,885,898,943,896
4056,887,885,898,934
4057,897,869,920,918
4058,899,844,920,897
4059,886,899,944,897
4060,888,886,899,935
4061,919,868,888,935
4062,870,936,919,888
4063,898,870,921,919
4064,900,845,921,898
4065,887,900,945,898
4066,899,871,922,920
4067,901,846,922,899
4068,888,901,946,899
4069,889,888,901,936
4070,921,870,889,936
4071,872,937,921,889
4072,900,872,923,921
4073,901,873,924,922
4074,902,848,924,901
4075,889,902,947,901
4076,890,889,902,937
4077,923,872,890,937
4078,874,938,923,890
4079,902,875,925,924
4080,903,849,925,902
4081,890,903,948,902
4082,891,890,903,938
4083,903,876,926,925
4084,904,850,926,903
4085,891,904,949,903
4086,904,877,927,926
4087,907,905,906,950
4088,908,855,928,906
4089,907,908,951,906
4090,909,907,908,952
4091,880,939,928,892
4092,908,880,929,928
4093,910,857,929,908
4094,909,910,953,908
4095,911,909,910,954
4096,893,892,912,939
4097,929,880,893,939
4098,881,940,929,893
4099,910,881,930,929
4100,913,860,930,910
4101,911,913,955,910
4102,914,911,913,956
4103,915,862,931,912
4104,893,915,957,912
4105,894,893,915,940
4106,930,881,894,940
4107,883,941,930,894
4108,913,883,932,930
4109,916,863,932,913
4110,914,916,958,913
4111,884,942,931,895
4112,915,884,933,931
4113,917,865,933,915
4114,894,917,959,915
4115,896,894,917,941
4116,932,883,896,941
4117,885,943,932,896
4118,916,885,934,932
4119,897,895,918,942
4120,933,884,897,942
4121,886,944,933,897
4122,917,886,935,933
4123,919,868,935,917
4124,896,919,960,917
4125,898,896,919,943
4126,934,885,898,943
4127,887,945,934,898
4128,897,920,961,918
4129,899,897,920,944
4130,935,886,899,944
4131,888,946,935,899
4132,919,888,936,935
4133,921,870,936,919
4134,898,921,962,919
4135,900,898,921,945
4136,899,922,963,920
4137,901,899,922,946
4138,936,888,901,946
4139,889,947,936,901
4140,921,889,937,936
4141,923,872,937,921
4142,900,923,964,921
4143,901,924,965,922
4144,902,901,924,947
4145,937,889,902,947
4146,890,948,937,902
4147,923,890,938,937
4148,902,925,966,924
4149,903,902,925,948
4150,938,890,903,948
4151,891,949,938,903
4152,903,926,967,925
4153,904,903,926,949
4154,904,927,968,926
4155,907,951,950,906
4156,908,906,928,951
4157,952,907,908,951
4158,909,953,952,908
4159,929,880,939,928
4160,908,929,969,928
4161,910,908,929,953
4162,954,909,910,953
4163,911,955,954,910
4164,893,957,939,912
4165,929,893,940,939
4166,930,881,940,929
4167,910,930,970,929
4168,913,910,930,955
4169,956,911,913,955
4170,914,958,956,913
4171,915,912,931,957
4172,940,893,915,957
4173,894,959,940,915
4174,930,894,941,940
4175,932,883,941,930
4176,913,932,971,930
4177,916,913,932,958
4178,933,884,942,931
4179,915,933,972,931
4180,917,915,933,959
4181,941,894,917,959
4182,896,960,941,917
4183,932,896,943,941
4184,934,885,943,932
4185,916,934,973,932
4186,897,961,942,918
4187,933,897,944,942
4188,935,886,944,933
4189,917,935,974,933
4190,919,917,935,960
4191,943,896,919,960
4192,898,962,943,919
4193,934,898,945,943
4194,944,897,920,961
4195,899,963,944,920
4196,935,899,946,944
4197,936,888,946,935
4198,919,936,975,935
4199,921,919,936,962
4200,945,898,921,962
4201,900,964,945,921
4202,946,899,922,963
4203,901,965,946,922
4204,936,901,947,946
4205,937,889,947,936
4206,921,937,976,936
4207,923,921,937,964
4208,947,901,924,965
4209,902,966,947,924
4210,937,902,948,947
4211,938,890,948,937
4212,923,938,977,937
4213,948,902,925,966
4214,903,967,948,925
4215,938,903,949,948
4216,949,903,926,967
4217,904,968,949,926
4218,952,907,951,950
4219,908,969,951,928
4220,952,908,953,951
4221,954,909,953,952
4222,929,928,939,969
4223,953,908,929,969
4224,910,970,953,929
4225,954,910,955,953
4226,956,911,955,954
4227,940,893,957,939
4228,929,940,978,939
4229,930,929,940,970
4230,955,910,930,970
4231,913,971,955,930
4232,956,913,958,955
4233,915,972,957,931
4234,940,915,959,957
4235,941,894,959,940
4236,930,941,979,940
4237,932,930,941,971
4238,958,913,932,971
4239,916,973,958,932
4240,933,931,942,972
4241,959,915,933,972
4242,917,974,959,933
4243,941,917,960,959
4244,943,896,960,941
4245,932,943,980,941
4246,934,932,943,973
4247,944,897,961,942
4248,933,944,981,942
4249,935,933,944,974
4250,960,917,935,974
4251,919,975,960,935
4252,943,919,962,960
4253,945,898,962,943
4254,934,945,982,943
4255,944,920,963,961
4256,946,899,963,944
4257,935,946,983,944
4258,936,935,946,975
4259,962,919,936,975
4260,921,976,962,936
4261,945,921,964,962
4262,946,922,965,963
4263,947,901,965,946
4264,936,947,984,946
4265,937,936,947,976
4266,964,921,937,976
4267,923,977,964,937
4268,947,924,966,965
4269,948,902,966,947
4270,937,948,985,947
4271,938,937,948,977
4272,948,925,967,966
4273,949,903,967,948
4274,938,949,986,948
4275,949,926,968,967
4276,952,950,951,987
4277,953,908,969,951
4278,952,953,988,951
4279,954,952,953,989
4280,929,978,969,939
4281,953,929,970,969
4282,955,910,970,953
4283,954,955,990,953
4284,956,954,955,991
4285,940,939,957,978
4286,970,929,940,978
4287,930,979,970,940
4288,955,930,971,970
4289,958,913,971,955
4290,956,958,992,955
4291,959,915,972,957
4292,940,959,993,957
4293,941,940,959,979
4294,971,930,941,979
4295,932,980,971,941
4296,958,932,973,971
4297,933,981,972,942
4298,959,933,974,972
4299,960,917,974,959
4300,941,960,994,959
4301,943,941,960,980
4302,973,932,943,980
4303,934,982,973,943
4304,944,942,961,981
4305,974,933,944,981
4306,935,983,974,944
4307,960,935,975,974
4308,962,919,975,960
4309,943,962,995,960
4310,945,943,962,982
4311,944,963,996,961
4312,946,944,963,983
4313,975,935,946,983
4314,936,984,975,946
4315,962,936,976,975
4316,964,921,976,962
4317,945,964,997,962
4318,946,965,998,963
4319,947,946,965,984
4320,976,936,947,984
4321,937,985,976,947
4322,964,937,977,976
4323,947,966,999,965
4324,948,947,966,985
4325,977,937,948,985
4326,938,986,977,948
4327,948,967,1000,966
4328,949,948,967,986
4329,949,968,1001,967
4330,952,988,987,951
4331,953,951,969,988
4332,989,952,953,988
4333,954,990,989,953
4334,970,929,978,969
4335,953,970,1002,969
4336,955,953,970,990
4337,991,954,955,990
4338,956,992,991,955
4339,940,993,978,957
4340,970,940,979,978
4341,971,930,979,970
4342,955,971,1003,970
4343,958,955,971,992
4344,959,957,972,993
4345,979,940,959,993
4346,941,994,979,959
4347,971,941,980,979
4348,973,932,980,971
4349,958,973,1004,971
4350,974,933,981,972
4351,959,974,1005,972
4352,960,959,974,994
4353,980,941,960,994
4354,943,995,980,960
4355,973,943,982,980
4356,944,996,981,961
4357,974,944,983,981
4358,975,935,983,974
4359,960,975,1006,974
4360,962,960,975,995
4361,982,943,962,995
4362,945,997,982,962
4363,983,944,963,996
4364,946,998,983,963
4365,975,946,984,983
4366,976,936,984,975
4367,962,976,1007,975
4368,964,962,976,997
4369,984,946,965,998
4370,947,999,984,965
4371,976,947,985,984
4372,977,937,985,976
4373,964,977,1008,976
4374,985,947,966,999
4375,948,1000,985,966
4376,977,948,986,985
4377,986,948,967,1000
4378,949,1001,986,967
4379,989,952,988,987
4380,953,1002,988,969
4381,989,953,990,988
4382,991,954,990,989
4383,970,969,978,1002
4384,990,953,970,1002
4385,955,1003,990,970
4386,991,955,992,990
4387,979,940,993,978
4388,970,979,1009,978
4389,971,970,979,1003
4390,992,955,971,1003
4391,958,1004,992,971
4392,959,1005,993,972
4393,979,959,994,993
4394,980,941,994,979
4395,971,980,1010,979
4396,973,971,980,1004
4397,974,972,981,1005
4398,994,959,974,1005
4399,960,1006,994,974
4400,980,960,995,994
4401,982,943,995,980
4402,973,982,1011,980
4403,983,944,996,981
4404,974,983,1012,981
4405,975,974,983,1006
4406,995,960,975,1006
4407,962,1007,995,975
4408,982,962,997,995
4409,983,963,998,996
4410,984,946,998,983
4411,975,984,1013,983
4412,976,975,984,1007
4413,997,962,976,1007
4414,964,1008,997,976
4415,984,965,999,998
4416,985,947,999,984
4417,976,985,1014,984
4418,977,976,985,1008
4419,985,966,1000,999
4420,986,948,1000,985
4421,977,986,1015,985
4422,986,967,1001,1000
4423,989,987,988,1016
4424,990,953,1002,988
4425,989,990,1017,988
4426,991,989,990,1018
4427,970,1009,1002,978
4428,990,970,1003,1002
4429,992,955,1003,990
4430,991,992,1019,990
4431,979,978,993,1009
4432,1003,970,979,1009
4433,971,1010,1003,979
4434,992,971,1004,1003
4435,994,959,1005,993
4436,979,994,1020,993
4437,980,979,994,1010
4438,1004,971,980,1010
4439,973,1011,1004,980
4440,974,1012,1005,981
4441,994,974,1006,1005
4442,995,960,1006,994
4443,980,995,1021,994
4444,982,980,995,1011
4445,983,981,996,1012
4446,1006,974,983,1012
4447,975,1013,1006,983
4448,995,975,1007,1006
4449,997,962,1007,995
4450,982,997,1022,995
4451,983,998,1023,996
4452,984,983,998,1013
4453,1007,975,984,1013
4454,976,1014,1007,984
4455,997,976,1008,1007
4456,984,999,1024,998
4457,985,984,999,1014
4458,1008,976,985,1014
4459,977,1015,1008,985
4460,985,1000,1025,999
4461,986,985,1000,1015
4462,986,1001,1026,1000
4463,989,1017,1016,988
4464,990,988,1002,1017
4465,1018,989,990,1017
4466,991,1019,1018,990
4467,1003,970,1009,1002
4468,990,1003,1027,1002
4469,992,990,1003,1019
4470,979,1020,1009,993
4471,1003,979,1010,1009
4472,1004,971,1010,1003
4473,992,1004,1028,1003
4474,994,993,1005,1020
4475,1010,979,994,1020
4476,980,1021,1010,994
4477,1004,980,1011,1010
4478,1006,974,1012,1005
4479,994,1006,1029,1005
4480,995,994,1006,1021
4481,1011,980,995,1021
4482,982,1022,1011,995
4483,983,1023,1012,996
4484,1006,983,1013,1012
4485,1007,975,1013,1006
4486,995,1007,1030,1006
4487,997,995,1007,1022
4488,1013,983,998,1023
4489,984,1024,1013,998
4490,1007,984,1014,1013
4491,1008,976,1014,1007
4492,997,1008,1031,1007
4493,1014,984,999,1024
4494,985,1025,1014,999
4495,1008,985,1015,1014
4496,1015,985,1000,1025
4497,986,1026,1015,1000
4498,1018,989,1017,1016
4499,990,1027,1017,1002
4500,1018,990,1019,1017
4501,1003,1002,1009,1027
4502,1019,990,1003,1027
4503,992,1028,1019,1003
4504,1010,979,1020,1009
4505,1003,1010,1032,1009
4506,1004,1003,1010,1028
4507,994,1029,1020,1005
4508,1010,994,1021,1020
4509,1011,980,1021,1010
4510,1004,1011,1033,1010
4511,1006,1005,1012,1029
4512,1021,994,1006,1029
4513,995,1030,1021,1006
4514,1011,995,1022,1021
4515,1013,983,1023,1012
4516,1006,1013,1034,1012
4517,1007,1006,1013,1030
4518,1022,995,1007,1030
4519,997,1031,1022,1007
4520,1013,998,1024,1023
4521,1014,984,1024,1013
4522,1007,1014,1035,1013
4523,1008,1007,1014,1031
4524,1014,999,1025,1024
4525,1015,985,1025,1014
4526,1008,1015,1036,1014
4527,1015,1000,1026,1025
4528,1018,1016,1017,1037
4529,1019,990,1027,1017
4530,1018,1019,1038,1017
4531,1003,1032,1027,1009
4532,1019,1003,1028,1027
4533,1010,1009,1020,1032
4534,1028,1003,1010,1032
4535,1004,1033,1028,1010
4536,1021,994,1029,1020
4537,1010,1021,1039,1020
4538,1011,1010,1021,1033
4539,1006,1034,1029,1012
4540,1021,1006,1030,1029
4541,1022,995,1030,1021
4542,1011,1022,1040,1021
4543,1013,1012,1023,1034
4544,1030,1006,1013,1034
4545,1007,1035,1030,1013
4546,1022,1007,1031,1030
4547,1013,1024,1041,1023
4548,1014,1013,1024,1035
4549,1031,1007,1014,1035
4550,1008,1036,1031,1014
4551,1014,1025,1042,1024
4552,1015,1014,1025,1036
4553,1015,1026,1043,1025
4554,1018,1038,1037,1017
4555,1019,1017,1027,1038
4556,1028,1003,1032,1027
4557,1019,1028,1044,1027
4558,1010,1039,1032,1020
4559,1028,1010,1033,1032
4560,1021,1020,1029,1039
4561,1033,1010,1021,1039
4562,1011,1040,1033,1021
4563,1030,1006,1034,1029
4564,1021,1030,1045,1029
4565,1022,1021,1030,1040
4566,1013,1041,1034,1023
4567,1030,1013,1035,1034
4568,1031,1007,1035,1030
4569,1022,1031,1046,1030
4570,1035,1013,1024,1041
4571,1014,1042,1035,1024
4572,1031,1014,1036,1035
4573,1036,1014,1025,1042
4574,1015,1043,1036,1025
4575,1019,1044,1038,1027
4576,1028,1027,1032,1044
4577,1033,1010,1039,1032
4578,1028,1033,1047,1032
4579,1021,1045,1039,1029
4580,1033,1021,1040,1039
4581,1030,1029,1034,1045
4582,1040,1021,1030,1045
4583,1022,1046,1040,1030
4584,1035,1013,1041,1034
4585,1030,1035,1048,1034
4586,1031,1030,1035,1046
4587,1035,1024,1042,1041
4588,1036,1014,1042,1035
4589,1031,1036,1049,1035
4590,1036,1025,1043,1042
4591,1028,1047,1044,1032
4592,1033,1032,1039,1047
4593,1040,1021,1045,1039
4594,1033,1040,1050,1039
4595,1030,1048,1045,1034
4596,1040,1030,1046,1045
4597,1035,1034,1041,1048
4598,1046,1030,1035,1048
4599,1031,1049,1046,1035
4600,1035,1042,1051,1041
4601,1036,1035,1042,1049
4602,1036,1043,1052,1042
4603,1033,1050,1047,1039
4604,1040,1039,1045,1050
4605,1046,1030,1048,1045
4606,1040,1046,1053,1045
4607,1035,1051,1048,1041
4608,1046,1035,1049,1048
4609,1049,1035,1042,1051
4610,1036,1052,1049,1042
4611,1040,1053,1050,1045
4612,1046,1045,1048,1053
4613,1049,1035,1051,1048
4614,1046,1049,1054,1048
4615,1049,1042,1052,1051
4616,1046,1054,1053,1048
4617,1049,1048,1051,1054
4618,1049,1052,1055,1051
4619,1049,1055,1054,1051
